StoreID,snapshot,recency_days,n_orders_12m,revenue_12m
292,2012-07-01,62,3,9234.9728
296,2012-07-01,62,4,199095.44410000002
298,2012-07-01,62,4,54870.69899999999
302,2012-07-01,32,4,89074.3982
306,2012-07-01,123,3,66728.7414
310,2012-07-01,93,4,5670.2261
312,2012-07-01,62,2,8852.570899999999
318,2012-07-01,32,4,186855.6782
320,2012-07-01,62,4,3302.3018
326,2012-07-01,32,1,180.129
332,2012-07-01,1,1,1242.8518
334,2012-07-01,62,4,158899.14880000002
340,2012-07-01,1,5,353767.641
342,2012-07-01,62,3,3378.654
344,2012-07-01,1,5,144609.1512
346,2012-07-01,93,4,125357.03950000001
348,2012-07-01,1,5,139250.0644
352,2012-07-01,1,1,63653.3932
356,2012-07-01,1,5,277738.6229
362,2012-07-01,62,4,12306.5667
366,2012-07-01,32,1,7004.5001
368,2012-07-01,1,5,144667.1165
370,2012-07-01,1,5,219911.0349
372,2012-07-01,1,5,261442.0862
376,2012-07-01,62,4,261522.3269
388,2012-07-01,62,3,38049.3661
392,2012-07-01,32,4,32420.7671
412,2012-07-01,1,5,17911.2468
414,2012-07-01,1,1,15304.8859
418,2012-07-01,1,3,2262.8038
422,2012-07-01,1,1,17146.5426
428,2012-07-01,1,1,19544.0309
438,2012-07-01,93,4,4537.6374
440,2012-07-01,32,4,102644.5621
452,2012-07-01,1,4,9475.3046
454,2012-07-01,1,4,13333.534800000001
466,2012-07-01,1,5,40432.6621
474,2012-07-01,1,1,67745.1764
478,2012-07-01,62,4,316738.7525
484,2012-07-01,32,3,896.5986
488,2012-07-01,123,3,20436.839999999997
494,2012-07-01,1,3,4908.8755
496,2012-07-01,32,4,16677.2437
498,2012-07-01,1,5,61344.254199999996
512,2012-07-01,62,4,22516.3228
518,2012-07-01,32,4,239216.10139999999
520,2012-07-01,62,4,91512.5009
522,2012-07-01,93,4,153310.5787
524,2012-07-01,93,2,2254.9498000000003
534,2012-07-01,32,1,71274.5372
536,2012-07-01,1,3,1654.4458000000002
540,2012-07-01,1,1,2554.0856
544,2012-07-01,62,4,21217.2448
546,2012-07-01,1,1,869.6877
548,2012-07-01,32,1,88689.6425
552,2012-07-01,123,3,34025.6088
556,2012-07-01,1,1,8453.3099
558,2012-07-01,32,1,1626.4708
562,2012-07-01,1,1,58234.6192
568,2012-07-01,32,1,647.994
570,2012-07-01,32,1,37650.2671
574,2012-07-01,123,3,8496.8066
584,2012-07-01,123,3,13965.8449
586,2012-07-01,93,3,9127.8241
590,2012-07-01,32,1,13094.2966
592,2012-07-01,32,4,303068.51170000003
598,2012-07-01,1,1,104881.9414
600,2012-07-01,1,5,214646.1726
602,2012-07-01,1,1,49484.6201
604,2012-07-01,1,1,1444.3375
608,2012-07-01,1,5,48401.4692
612,2012-07-01,62,4,102652.5776
616,2012-07-01,93,4,431991.55
622,2012-07-01,1,1,63095.428
628,2012-07-01,1,1,65.6018
632,2012-07-01,62,4,44945.4675
634,2012-07-01,1,1,6532.5325
640,2012-07-01,32,1,3781.8417
642,2012-07-01,62,4,55039.0293
648,2012-07-01,62,4,171109.149
650,2012-07-01,1,1,1308.9375
654,2012-07-01,62,4,119147.2687
662,2012-07-01,32,4,218911.9866
664,2012-07-01,32,1,65721.6787
668,2012-07-01,62,4,120363.9682
672,2012-07-01,62,4,79240.1807
684,2012-07-01,32,1,12140.2623
686,2012-07-01,62,4,51648.4807
692,2012-07-01,32,1,45064.2667
694,2012-07-01,62,4,43221.2852
698,2012-07-01,32,4,58448.184
700,2012-07-01,1,1,1485.8823
704,2012-07-01,93,4,42676.974
710,2012-07-01,1,1,17944.6404
716,2012-07-01,62,3,10029.609199999999
724,2012-07-01,62,4,22340.7593
726,2012-07-01,62,2,1047.8364000000001
728,2012-07-01,1,5,29042.0596
732,2012-07-01,1,1,5496.001
738,2012-07-01,1,5,56412.6229
740,2012-07-01,62,4,12466.086500000001
742,2012-07-01,32,4,10862.3258
744,2012-07-01,32,1,10473.061
746,2012-07-01,1,1,15853.6146
752,2012-07-01,62,4,62333.4663
754,2012-07-01,62,4,28783.5448
760,2012-07-01,93,3,9212.4174
762,2012-07-01,32,1,109253.4254
764,2012-07-01,62,4,255004.9871
766,2012-07-01,1,1,209.256
768,2012-07-01,32,1,72131.9824
778,2012-07-01,62,1,722.5949
780,2012-07-01,1,5,95645.4468
782,2012-07-01,1,1,39885.5733
788,2012-07-01,62,4,119436.7986
790,2012-07-01,1,5,267442.3799
792,2012-07-01,32,1,63233.6717
794,2012-07-01,1,5,261442.4635
800,2012-07-01,62,4,61616.5168
804,2012-07-01,62,4,243014.5498
806,2012-07-01,154,2,8129.976
808,2012-07-01,1,1,89273.6793
812,2012-07-01,62,4,93863.6918
814,2012-07-01,62,4,180664.8196
816,2012-07-01,1,5,305256.7801
818,2012-07-01,93,4,77357.1599
820,2012-07-01,32,4,75360.7097
826,2012-07-01,62,4,18178.8866
828,2012-07-01,62,4,300525.6618
832,2012-07-01,1,5,146105.2342
840,2012-07-01,182,2,1778.4284
846,2012-07-01,1,5,17683.9545
848,2012-07-01,1,1,45845.4516
850,2012-07-01,154,2,1440.8086
852,2012-07-01,32,4,146062.3769
864,2012-07-01,62,4,62428.6039
870,2012-07-01,93,4,138840.84360000002
874,2012-07-01,32,1,44991.4587
878,2012-07-01,62,4,132510.0051
880,2012-07-01,123,3,11869.5532
882,2012-07-01,62,4,131600.9354
884,2012-07-01,93,4,137715.85379999998
892,2012-07-01,1,1,2508.4976
896,2012-07-01,62,4,24236.316099999996
898,2012-07-01,1,4,7314.5188
900,2012-07-01,1,5,54221.0333
904,2012-07-01,123,3,28770.5997
908,2012-07-01,32,4,29546.3692
914,2012-07-01,1,5,7677.5342
916,2012-07-01,1,1,2371.295
926,2012-07-01,62,4,81372.22589999999
930,2012-07-01,32,1,2927.7262
932,2012-07-01,32,1,97801.7811
934,2012-07-01,93,4,85177.0812
936,2012-07-01,93,4,175502.1574
944,2012-07-01,32,1,7973.3042
948,2012-07-01,1,1,18202.7022
952,2012-07-01,32,1,30.2798
954,2012-07-01,32,1,62510.3099
958,2012-07-01,1,1,7804.4741
960,2012-07-01,93,2,1775.5745000000002
962,2012-07-01,1,1,980.8863
964,2012-07-01,1,5,146200.3544
966,2012-07-01,62,3,2070.6098
970,2012-07-01,1,5,117604.0714
974,2012-07-01,93,4,55710.7042
976,2012-07-01,1,1,46321.888
980,2012-07-01,93,4,71252.8201
982,2012-07-01,32,1,42438.4645
986,2012-07-01,1,1,16812.1513
988,2012-07-01,1,1,8520.6631
992,2012-07-01,1,1,164.4279
998,2012-07-01,62,4,28024.8515
1002,2012-07-01,32,1,5519.611
1010,2012-07-01,93,4,69150.3094
1012,2012-07-01,62,3,11250.2604
1016,2012-07-01,62,4,84356.0342
1018,2012-07-01,32,4,115361.09049999999
1022,2012-07-01,93,4,48761.856
1028,2012-07-01,1,1,7759.3877
1032,2012-07-01,1,5,263338.4161
1034,2012-07-01,1,1,794.2467
1044,2012-07-01,123,3,79207.5439
1046,2012-07-01,32,4,147314.5353
1050,2012-07-01,32,4,186245.84600000002
1052,2012-07-01,1,1,39027.0692
1056,2012-07-01,93,3,4248.2689
1066,2012-07-01,62,4,158257.1368
1068,2012-07-01,1,1,1316.1745
1070,2012-07-01,1,1,59518.7599
1082,2012-07-01,154,2,439.64540000000005
1086,2012-07-01,32,4,120003.2263
1090,2012-07-01,1,5,86236.08630000001
1096,2012-07-01,32,2,2471.4147
1102,2012-07-01,1,1,4142.6215
1108,2012-07-01,1,5,157606.8592
1112,2012-07-01,1,2,2221.323
1116,2012-07-01,1,1,1628.6046
1118,2012-07-01,32,2,2790.7539
1120,2012-07-01,62,2,5146.3219
1126,2012-07-01,93,4,408483.4465
1134,2012-07-01,1,5,25977.2902
1136,2012-07-01,1,5,40257.1833
1138,2012-07-01,32,1,86.5212
1142,2012-07-01,1,1,3226.1066
1148,2012-07-01,62,4,8548.2423
1154,2012-07-01,32,1,2476.9638
1156,2012-07-01,1,1,10085.4859
1162,2012-07-01,32,1,4831.9452
1164,2012-07-01,1,5,140719.9074
1170,2012-07-01,62,4,85892.3768
1174,2012-07-01,1,5,251725.3331
1182,2012-07-01,1,5,144232.46169999999
1184,2012-07-01,32,4,146774.5707
1186,2012-07-01,32,3,4334.2257
1192,2012-07-01,1,5,99497.3261
1200,2012-07-01,1,1,52105.5079
1202,2012-07-01,1,1,41020.1875
1204,2012-07-01,62,4,18915.793999999998
1206,2012-07-01,123,3,124405.0861
1214,2012-07-01,1,5,233510.8221
1220,2012-07-01,1,1,38604.0227
1224,2012-07-01,93,2,1258.3767
1228,2012-07-01,93,4,87491.355
1234,2012-07-01,32,1,37208.4123
1236,2012-07-01,1,1,33208.2292
1240,2012-07-01,123,3,76242.1332
1242,2012-07-01,1,1,55971.1308
1244,2012-07-01,62,3,5925.7862000000005
1246,2012-07-01,62,2,5479.3966
1254,2012-07-01,1,1,58378.5459
1256,2012-07-01,32,1,1524.5394
1258,2012-07-01,62,4,193258.6708
1266,2012-07-01,1,1,84380.7379
1270,2012-07-01,1,5,161840.7856
1280,2012-07-01,1,3,1676.5882000000001
1290,2012-07-01,1,1,40977.8088
1294,2012-07-01,32,1,57182.2539
1296,2012-07-01,62,4,126717.89540000001
1308,2012-07-01,62,3,7719.6876
1310,2012-07-01,1,5,158877.6799
1312,2012-07-01,1,5,88776.1743
1316,2012-07-01,1,1,46021.1798
1320,2012-07-01,1,1,2458.9178
1322,2012-07-01,62,4,112884.2841
1326,2012-07-01,1,1,324.4527
1328,2012-07-01,1,1,40399.5779
1332,2012-07-01,1,5,175422.2139
1338,2012-07-01,32,4,110001.8397
1344,2012-07-01,1,5,65840.27639999999
1350,2012-07-01,1,5,97350.70139999999
1356,2012-07-01,62,4,191271.1949
1358,2012-07-01,62,4,146233.5598
1362,2012-07-01,1,4,6344.3573
1364,2012-07-01,62,4,24694.3737
1372,2012-07-01,32,4,15519.4439
1374,2012-07-01,123,3,71319.5168
1388,2012-07-01,32,1,14515.9921
1392,2012-07-01,62,3,7777.3783
1394,2012-07-01,1,1,5347.6038
1398,2012-07-01,1,1,20496.8188
1400,2012-07-01,1,1,7222.8289
1406,2012-07-01,1,5,9795.7926
1410,2012-07-01,1,1,324.4527
1414,2012-07-01,32,4,149434.36479999998
1416,2012-07-01,1,1,183.9382
1418,2012-07-01,32,4,237597.3775
1422,2012-07-01,1,1,48693.9751
1424,2012-07-01,1,1,75351.5172
1428,2012-07-01,32,1,469.794
1430,2012-07-01,32,1,101336.8382
1436,2012-07-01,154,2,8144.976
1438,2012-07-01,93,4,107761.3089
1450,2012-07-01,1,1,16742.0274
1454,2012-07-01,93,2,1294.2529
1456,2012-07-01,1,4,27279.5343
1458,2012-07-01,1,4,7788.1674
1460,2012-07-01,62,3,15007.2845
1468,2012-07-01,1,1,9803.5732
1470,2012-07-01,32,1,1147.4382
1478,2012-07-01,1,4,11113.6235
1480,2012-07-01,1,1,5662.2907
1486,2012-07-01,1,1,14655.0936
1796,2012-07-01,1,1,4364.2719
1802,2012-07-01,1,1,14560.3533
1822,2012-07-01,32,1,5948.2999
1826,2012-07-01,32,1,2378.4486
1828,2012-07-01,1,5,7977.207
1832,2012-07-01,1,1,53170.0479
1834,2012-07-01,1,1,48541.8313
1840,2012-07-01,32,1,92716.9059
1850,2012-07-01,123,3,14357.4993
1858,2012-07-01,1,1,39373.2236
1860,2012-07-01,93,4,140874.514
1862,2012-07-01,32,1,367.8764
1864,2012-07-01,1,3,10149.2645
1868,2012-07-01,1,1,54859.4922
1876,2012-07-01,62,1,178.5808
1878,2012-07-01,32,1,36571.8493
1882,2012-07-01,32,4,164320.2648
1884,2012-07-01,62,3,1022.856
1896,2012-07-01,1,5,176958.7439
1898,2012-07-01,32,1,35699.5713
1900,2012-07-01,1,5,131324.2061
1902,2012-07-01,1,1,165.231
1918,2012-07-01,123,3,3526.7160000000003
1924,2012-07-01,1,1,33.7745
1930,2012-07-01,62,4,72698.1611
1934,2012-07-01,62,4,83457.10889999999
1936,2012-07-01,93,4,84948.75
1944,2012-07-01,1,1,50912.9359
1946,2012-07-01,1,5,93840.7942
1948,2012-07-01,32,2,33299.5504
1952,2012-07-01,32,1,24.2945
1956,2012-07-01,93,4,88310.81790000001
1962,2012-07-01,1,1,147390.9328
1964,2012-07-01,32,1,1438.851
1968,2012-07-01,62,4,79940.3738
1970,2012-07-01,1,5,197305.35749999998
1972,2012-07-01,1,1,53415.9425
1976,2012-07-01,32,1,70717.297
1980,2012-07-01,93,4,276526.4031
1982,2012-07-01,1,1,93591.6217
1986,2012-07-01,32,1,2278.1544
1988,2012-07-01,1,1,688.7667
1992,2012-07-01,1,5,253508.2852
292,2012-10-01,62,3,32614.514199999998
296,2012-10-01,62,4,243920.6405
298,2012-10-01,62,4,36625.678199999995
302,2012-10-01,32,4,60407.437900000004
304,2012-10-01,62,1,2112.5395
312,2012-10-01,154,1,722.5949
318,2012-10-01,32,4,247370.31180000002
320,2012-10-01,154,3,2427.5078
324,2012-10-01,62,1,44017.9573
326,2012-10-01,32,2,389.385
332,2012-10-01,1,2,5281.7027
334,2012-10-01,154,3,142529.99430000002
340,2012-10-01,1,5,337365.3269
342,2012-10-01,62,4,3592.89
344,2012-10-01,1,5,187205.45369999998
348,2012-10-01,93,4,99799.276
352,2012-10-01,1,2,108237.3618
356,2012-10-01,93,4,202546.663
362,2012-10-01,154,3,8241.5787
366,2012-10-01,32,2,13190.067200000001
368,2012-10-01,1,5,143456.1764
370,2012-10-01,1,5,209681.0709
372,2012-10-01,1,5,294906.9774
376,2012-10-01,154,3,194673.93910000002
382,2012-10-01,62,1,183.9382
386,2012-10-01,62,1,4356.8575
388,2012-10-01,62,4,47070.0551
390,2012-10-01,32,1,2485.7036
392,2012-10-01,32,4,32499.091500000002
398,2012-10-01,62,1,2521.6976
412,2012-10-01,1,5,21943.2229
414,2012-10-01,1,2,24443.2258
418,2012-10-01,1,4,3766.0159999999996
422,2012-10-01,1,2,50790.9013
428,2012-10-01,1,2,27762.6667
432,2012-10-01,62,1,56817.8354
440,2012-10-01,32,4,96965.03839999999
452,2012-10-01,1,5,11073.2885
454,2012-10-01,93,4,13333.534800000001
466,2012-10-01,1,5,39773.891
472,2012-10-01,62,1,54801.3542
474,2012-10-01,1,2,127314.4076
478,2012-10-01,62,4,338011.2199
484,2012-10-01,32,3,946.9337
492,2012-10-01,62,1,288.117
494,2012-10-01,1,3,6487.845
496,2012-10-01,32,4,17864.8318
498,2012-10-01,1,5,68673.48879999999
504,2012-10-01,62,1,1263.0383
506,2012-10-01,62,1,4262.9036
510,2012-10-01,62,1,53.994
512,2012-10-01,62,4,26653.138700000003
516,2012-10-01,62,1,34982.3068
518,2012-10-01,32,4,226350.8861
520,2012-10-01,62,4,79074.5232
526,2012-10-01,62,1,491.406
534,2012-10-01,32,2,123993.9748
536,2012-10-01,1,4,1743.3778000000002
540,2012-10-01,93,1,2554.0856
544,2012-10-01,62,4,31429.7846
546,2012-10-01,1,2,2023.4759999999999
548,2012-10-01,32,2,175183.0232
556,2012-10-01,1,2,15930.907200000001
558,2012-10-01,32,2,1666.8438
560,2012-10-01,62,1,6423.515
562,2012-10-01,1,2,105800.36379999999
568,2012-10-01,32,2,912.705
570,2012-10-01,32,2,67132.3274
584,2012-10-01,32,3,6799.823
590,2012-10-01,32,2,20013.554799999998
592,2012-10-01,32,4,336746.332
598,2012-10-01,1,2,200016.0329
600,2012-10-01,1,5,238355.4057
602,2012-10-01,1,2,101780.0974
604,2012-10-01,1,2,1770.2352
608,2012-10-01,1,5,33183.334800000004
610,2012-10-01,1,1,6214.259
612,2012-10-01,154,3,74607.2418
620,2012-10-01,1,1,235.266
622,2012-10-01,1,2,85630.295
628,2012-10-01,1,2,713.5958
632,2012-10-01,154,3,18498.445499999998
634,2012-10-01,1,2,14049.236499999999
638,2012-10-01,62,1,8610.1714
640,2012-10-01,32,2,9956.7027
642,2012-10-01,62,4,98892.4239
648,2012-10-01,62,4,247042.0577
650,2012-10-01,93,1,1308.9375
654,2012-10-01,154,3,83736.27040000001
658,2012-10-01,62,1,202.332
662,2012-10-01,32,4,276086.152
664,2012-10-01,32,2,116919.6668
668,2012-10-01,62,4,127286.0791
672,2012-10-01,62,4,117218.1063
684,2012-10-01,32,2,19676.5737
686,2012-10-01,154,3,43518.504700000005
692,2012-10-01,32,2,74795.75690000001
694,2012-10-01,62,4,36715.613900000004
698,2012-10-01,124,3,39799.577000000005
700,2012-10-01,93,1,1485.8823
702,2012-10-01,62,1,12931.2387
710,2012-10-01,1,2,25485.5508
716,2012-10-01,62,4,17229.8273
722,2012-10-01,32,1,469.794
724,2012-10-01,154,3,20243.4648
726,2012-10-01,62,3,2307.5795
728,2012-10-01,1,5,29335.8122
732,2012-10-01,1,2,9050.6648
734,2012-10-01,62,1,4950.8203
738,2012-10-01,1,5,57085.8807
740,2012-10-01,154,3,8952.1417
742,2012-10-01,124,3,7015.4433
744,2012-10-01,32,2,16886.6921
746,2012-10-01,1,2,30349.579
752,2012-10-01,62,4,54607.1878
754,2012-10-01,154,3,26614.497900000002
762,2012-10-01,32,2,181591.2542
764,2012-10-01,62,4,213812.8863
766,2012-10-01,93,1,209.256
768,2012-10-01,32,2,116298.0489
776,2012-10-01,62,1,784.056
778,2012-10-01,154,1,722.5949
780,2012-10-01,1,5,99147.3479
782,2012-10-01,1,2,74603.9277
786,2012-10-01,62,1,146154.5653
788,2012-10-01,62,4,140340.8875
790,2012-10-01,1,5,277295.0671
792,2012-10-01,32,2,107040.67300000001
794,2012-10-01,1,5,254735.4738
798,2012-10-01,62,1,103299.6849
800,2012-10-01,154,3,50935.7917
802,2012-10-01,62,1,6700.1106
804,2012-10-01,154,3,178300.5951
808,2012-10-01,1,2,155415.4504
812,2012-10-01,62,4,139469.0374
814,2012-10-01,62,4,267701.19550000003
816,2012-10-01,1,5,386167.9032
820,2012-10-01,32,4,49391.227300000006
822,2012-10-01,1,1,1409.382
826,2012-10-01,62,4,8708.697100000001
828,2012-10-01,62,4,316097.42819999997
832,2012-10-01,1,5,174065.4227
846,2012-10-01,1,5,25367.153299999998
848,2012-10-01,1,2,70489.6809
852,2012-10-01,32,4,140402.9765
862,2012-10-01,62,1,55601.855
864,2012-10-01,62,4,50989.615000000005
872,2012-10-01,62,1,20.52
874,2012-10-01,32,2,86670.7369
878,2012-10-01,62,4,108177.7396
882,2012-10-01,154,3,89259.8604
886,2012-10-01,62,1,780.8182
892,2012-10-01,1,2,2529.0176
896,2012-10-01,154,3,20156.3281
898,2012-10-01,93,4,7314.5188
900,2012-10-01,1,5,54467.0945
902,2012-10-01,62,1,91.176
908,2012-10-01,32,4,24703.6388
912,2012-10-01,62,1,91.176
914,2012-10-01,93,4,5958.6359
916,2012-10-01,1,2,2391.4815
926,2012-10-01,154,3,75270.8439
928,2012-10-01,62,1,37479.6554
930,2012-10-01,32,2,4952.2748
932,2012-10-01,32,2,197316.2835
938,2012-10-01,62,1,65.6018
944,2012-10-01,32,2,17277.7995
948,2012-10-01,1,2,21461.732799999998
950,2012-10-01,62,1,5717.1308
952,2012-10-01,32,2,300.2438
954,2012-10-01,32,2,110944.57560000001
958,2012-10-01,1,2,17956.1581
960,2012-10-01,1,3,1977.9065
962,2012-10-01,1,2,3124.7266
964,2012-10-01,1,5,123165.9507
966,2012-10-01,62,4,2284.8458
970,2012-10-01,1,5,133271.7067
976,2012-10-01,1,2,80593.3108
978,2012-10-01,62,1,103226.8852
982,2012-10-01,32,2,61153.779800000004
986,2012-10-01,1,2,28359.5083
988,2012-10-01,1,2,16094.6428
992,2012-10-01,93,1,164.4279
998,2012-10-01,62,4,42407.4011
1002,2012-10-01,32,2,9123.737799999999
1012,2012-10-01,154,3,11250.2604
1014,2012-10-01,62,1,28923.1085
1016,2012-10-01,62,4,77712.1627
1018,2012-10-01,32,4,106822.0343
1026,2012-10-01,62,1,17147.1425
1028,2012-10-01,1,2,11922.3433
1032,2012-10-01,1,5,315018.353
1034,2012-10-01,1,2,2103.1842
1040,2012-10-01,62,1,26509.1108
1044,2012-10-01,32,3,51606.6964
1046,2012-10-01,32,4,161563.0448
1048,2012-10-01,32,1,383.052
1050,2012-10-01,32,4,236445.55839999998
1052,2012-10-01,1,2,79068.9464
1056,2012-10-01,1,3,3886.3961
1062,2012-10-01,62,1,469.794
1064,2012-10-01,62,1,4709.2037
1066,2012-10-01,62,4,143546.2446
1068,2012-10-01,1,2,1336.361
1070,2012-10-01,1,2,124044.2903
1074,2012-10-01,62,1,379.467
1082,2012-10-01,62,2,1694.8719
1086,2012-10-01,32,4,143968.27909999999
1090,2012-10-01,1,5,78882.3891
1092,2012-10-01,62,1,780.8182
1096,2012-10-01,32,2,1633.3902
1102,2012-10-01,1,2,6591.812400000001
1108,2012-10-01,1,5,194317.7501
1112,2012-10-01,93,1,196.329
1114,2012-10-01,62,1,15445.5784
1116,2012-10-01,1,2,1696.1435999999999
1118,2012-10-01,124,2,2790.7539
1120,2012-10-01,154,2,5146.3219
1128,2012-10-01,32,1,183.9382
1132,2012-10-01,62,1,2779.8855
1134,2012-10-01,1,5,27953.0033
1136,2012-10-01,93,4,35911.356499999994
1138,2012-10-01,32,2,126.89419999999998
1142,2012-10-01,1,2,11207.0267
1148,2012-10-01,154,3,5944.177000000001
1150,2012-10-01,62,1,6066.4671
1154,2012-10-01,32,2,3125.8692
1156,2012-10-01,1,2,14005.794399999999
1162,2012-10-01,32,2,10192.1017
1164,2012-10-01,1,5,120380.3175
1168,2012-10-01,62,1,684.03
1170,2012-10-01,62,4,83773.8907
1174,2012-10-01,1,5,278206.06669999997
1182,2012-10-01,1,5,185231.1459
1184,2012-10-01,32,4,162388.4724
1186,2012-10-01,32,4,4404.8702
1188,2012-10-01,62,1,32887.0262
1192,2012-10-01,1,5,89956.1801
1200,2012-10-01,1,2,99256.782
1202,2012-10-01,1,2,83775.1798
1204,2012-10-01,62,4,10029.99
1214,2012-10-01,1,5,249917.74719999998
1216,2012-10-01,62,1,469.794
1218,2012-10-01,62,1,3147.5673
1220,2012-10-01,1,2,75117.57990000001
1234,2012-10-01,32,2,66365.9596
1236,2012-10-01,1,2,71528.1057
1242,2012-10-01,1,2,116789.4821
1244,2012-10-01,154,2,1433.0819
1246,2012-10-01,62,3,5724.6466
1254,2012-10-01,1,2,102676.4816
1256,2012-10-01,32,2,1575.5911999999998
1258,2012-10-01,154,3,179421.5853
1266,2012-10-01,1,2,163447.5321
1270,2012-10-01,1,5,141421.4671
1274,2012-10-01,62,1,635.025
1278,2012-10-01,62,1,37284.7428
1280,2012-10-01,1,4,1893.9202
1290,2012-10-01,1,2,76269.0082
1294,2012-10-01,32,2,92325.01860000001
1296,2012-10-01,62,4,135549.8779
1308,2012-10-01,154,2,2711.9676
1310,2012-10-01,93,4,127876.8995
1312,2012-10-01,1,5,101051.5637
1316,2012-10-01,1,2,85689.2397
1320,2012-10-01,1,2,2479.4378
1322,2012-10-01,62,4,125560.1694
1324,2012-10-01,62,1,817.503
1326,2012-10-01,93,1,324.4527
1328,2012-10-01,1,2,76796.5063
1330,2012-10-01,62,1,62505.2769
1332,2012-10-01,1,5,180981.67190000002
1334,2012-10-01,62,1,56590.5553
1336,2012-10-01,62,1,129261.254
1338,2012-10-01,124,3,72502.2876
1340,2012-10-01,62,1,602.7
1344,2012-10-01,1,5,52615.721
1346,2012-10-01,62,1,2685.8932
1350,2012-10-01,1,5,96707.7414
1356,2012-10-01,62,4,200722.13689999998
1358,2012-10-01,154,3,120527.0767
1362,2012-10-01,1,4,6360.1648
1364,2012-10-01,62,4,23563.2394
1368,2012-10-01,62,1,2443.283
1372,2012-10-01,32,4,19806.1548
1376,2012-10-01,62,1,11476.4056
1378,2012-10-01,62,1,10719.3352
1386,2012-10-01,62,1,1116.925
1388,2012-10-01,32,2,24361.139499999997
1392,2012-10-01,62,4,11711.4349
1394,2012-10-01,1,2,6002.4238
1398,2012-10-01,1,2,31670.5096
1400,2012-10-01,1,2,15947.003
1406,2012-10-01,1,5,16252.6992
1408,2012-10-01,1,1,1141.92
1410,2012-10-01,1,2,1790.4627
1412,2012-10-01,1,1,67.549
1414,2012-10-01,32,4,158902.09269999998
1416,2012-10-01,1,2,1123.5262
1418,2012-10-01,32,4,267647.0711
1422,2012-10-01,1,2,84998.51310000001
1424,2012-10-01,1,2,163005.7536
1426,2012-10-01,62,1,140078.3959
1428,2012-10-01,32,2,794.2466999999999
1430,2012-10-01,32,2,161853.6496
1444,2012-10-01,62,1,4493.5622
1450,2012-10-01,1,2,32359.7808
1456,2012-10-01,1,5,32917.0623
1458,2012-10-01,1,5,9802.4214
1460,2012-10-01,154,3,15007.2845
1466,2012-10-01,1,1,1229.4589
1468,2012-10-01,1,2,12829.308700000001
1470,2012-10-01,32,2,1261.4082
1472,2012-10-01,62,1,9680.119
1478,2012-10-01,1,5,13932.3875
1480,2012-10-01,1,2,5904.5399
1486,2012-10-01,1,2,29218.7076
1796,2012-10-01,1,2,7412.801299999999
1798,2012-10-01,62,1,19717.9571
1802,2012-10-01,1,2,18484.3118
1816,2012-10-01,62,1,8057.6592
1822,2012-10-01,32,2,10981.9439
1826,2012-10-01,32,2,2418.8216
1828,2012-10-01,1,5,6611.0632000000005
1830,2012-10-01,62,1,72301.9511
1832,2012-10-01,1,2,85925.97869999999
1834,2012-10-01,1,2,92038.21609999999
1836,2012-10-01,62,1,48267.602
1838,2012-10-01,1,1,14.1289
1840,2012-10-01,32,2,159424.5312
1842,2012-10-01,62,1,74487.755
1844,2012-10-01,62,1,101725.1038
1858,2012-10-01,1,2,79507.88029999999
1862,2012-10-01,32,2,1777.2584000000002
1864,2012-10-01,1,4,10797.2585
1868,2012-10-01,1,2,90424.2938
1876,2012-10-01,62,2,1740.2172
1878,2012-10-01,32,2,77937.3125
1882,2012-10-01,32,4,133094.0588
1884,2012-10-01,154,2,603.3971
1896,2012-10-01,1,5,265142.738
1898,2012-10-01,32,2,64574.0184
1900,2012-10-01,1,5,165950.8988
1902,2012-10-01,93,1,165.231
1916,2012-10-01,62,1,60281.31
1924,2012-10-01,1,2,306.8661
1930,2012-10-01,154,3,54155.9885
1934,2012-10-01,154,3,79382.0748
1944,2012-10-01,1,2,98134.35879999999
1946,2012-10-01,1,5,82663.4618
1948,2012-10-01,32,2,59599.3147
1952,2012-10-01,124,1,24.2945
1962,2012-10-01,1,2,235385.6191
1964,2012-10-01,32,2,2747.7885
1966,2012-10-01,62,1,26523.0027
1968,2012-10-01,62,4,68623.6011
1970,2012-10-01,1,5,182259.7172
1972,2012-10-01,1,2,91824.0894
1976,2012-10-01,32,2,119714.52100000001
1978,2012-10-01,62,1,881.0367
1982,2012-10-01,1,2,180271.228
1984,2012-10-01,62,1,38818.229
1986,2012-10-01,32,2,2626.8599
1988,2012-10-01,1,2,3307.6587
1992,2012-10-01,1,5,340528.7645
1994,2012-10-01,62,1,39477.7558
292,2013-01-01,63,4,65177.168
296,2013-01-01,63,4,230735.6775
298,2013-01-01,63,4,22003.8894
302,2013-01-01,32,4,30518.9743
304,2013-01-01,63,2,6181.7913
308,2013-01-01,63,1,20.52
312,2013-01-01,63,2,746.8894
318,2013-01-01,32,4,265936.5862
324,2013-01-01,63,2,76215.4196
326,2013-01-01,32,3,598.641
332,2013-01-01,93,2,5281.7027
340,2013-01-01,1,5,263035.94550000003
342,2013-01-01,63,4,3208.0765
344,2013-01-01,1,5,202777.6034
348,2013-01-01,1,4,69305.3807
352,2013-01-01,1,3,148670.6653
356,2013-01-01,1,4,127096.5327
366,2013-01-01,32,3,16948.4192
368,2013-01-01,1,5,104234.39540000001
370,2013-01-01,1,5,219829.2882
372,2013-01-01,1,5,327015.637
382,2013-01-01,63,2,784.2007000000001
386,2013-01-01,63,2,7814.8432
388,2013-01-01,63,4,40443.1469
390,2013-01-01,124,1,2485.7036
392,2013-01-01,32,4,30747.1843
398,2013-01-01,63,2,4980.615400000001
406,2013-01-01,63,1,383.052
412,2013-01-01,1,5,25600.4348
414,2013-01-01,1,3,30818.4603
418,2013-01-01,1,4,3917.5912
422,2013-01-01,1,3,70829.2566
428,2013-01-01,1,3,30403.936500000003
432,2013-01-01,63,2,108212.0403
440,2013-01-01,32,4,110506.5218
452,2013-01-01,1,5,9923.7538
466,2013-01-01,1,5,33714.491
472,2013-01-01,63,2,99106.838
474,2013-01-01,1,3,150135.2525
478,2013-01-01,63,4,301678.2118
484,2013-01-01,124,2,527.4748
492,2013-01-01,63,2,4713.909900000001
494,2013-01-01,1,3,5757.7325
496,2013-01-01,32,4,19995.683299999997
498,2013-01-01,1,5,63567.931899999996
504,2013-01-01,63,2,2505.8900999999996
506,2013-01-01,63,2,7686.8721
510,2013-01-01,63,2,218.7049
512,2013-01-01,63,4,24671.7941
516,2013-01-01,63,2,70400.4406
518,2013-01-01,32,4,257638.862
520,2013-01-01,63,4,50032.2097
524,2013-01-01,1,2,2180.3489
526,2013-01-01,63,2,766.794
534,2013-01-01,32,3,154657.3032
536,2013-01-01,1,4,2898.2358
540,2013-01-01,1,2,3290.2311
544,2013-01-01,63,4,34130.7719
546,2013-01-01,1,3,2367.4719999999998
548,2013-01-01,32,3,261102.8691
556,2013-01-01,1,3,20159.053200000002
558,2013-01-01,124,2,1666.8438
560,2013-01-01,63,2,15123.477600000002
562,2013-01-01,1,3,128377.9664
568,2013-01-01,32,3,1560.699
570,2013-01-01,32,3,93824.9007
574,2013-01-01,32,2,4736.1354
584,2013-01-01,32,3,4111.8383
590,2013-01-01,32,3,23861.4895
592,2013-01-01,32,4,351188.4604
598,2013-01-01,1,3,274221.0413
600,2013-01-01,1,5,240901.4125
602,2013-01-01,1,3,144520.7627
604,2013-01-01,93,2,1770.2352
608,2013-01-01,1,5,25203.6048
610,2013-01-01,93,1,6214.259
612,2013-01-01,63,3,34838.361
620,2013-01-01,1,2,4320.6758
622,2013-01-01,1,3,102691.20939999999
628,2013-01-01,1,3,1361.5898000000002
634,2013-01-01,1,3,16398.2065
638,2013-01-01,63,2,10398.353599999999
640,2013-01-01,32,3,13245.260699999999
642,2013-01-01,63,4,127118.3656
648,2013-01-01,63,4,288884.0666
658,2013-01-01,63,2,1272.3885
662,2013-01-01,32,4,294256.6
664,2013-01-01,32,3,152685.42190000002
668,2013-01-01,63,4,151136.7341
672,2013-01-01,63,4,140109.3983
684,2013-01-01,32,3,21225.1486
692,2013-01-01,32,3,98060.251
694,2013-01-01,154,3,25885.4643
700,2013-01-01,1,2,2715.3412
702,2013-01-01,63,2,24006.6567
710,2013-01-01,1,3,35821.018800000005
716,2013-01-01,63,4,18665.1578
722,2013-01-01,124,1,469.794
726,2013-01-01,63,3,2270.6447
728,2013-01-01,1,5,25253.015099999997
732,2013-01-01,1,3,13748.6048
734,2013-01-01,63,2,8661.991
738,2013-01-01,1,5,45051.9807
744,2013-01-01,32,3,25629.6684
746,2013-01-01,1,3,38336.077000000005
752,2013-01-01,63,4,32115.4797
762,2013-01-01,32,3,218611.2943
764,2013-01-01,63,4,151044.1625
766,2013-01-01,1,2,8367.497
768,2013-01-01,32,3,145705.0924
776,2013-01-01,63,2,1108.5087
780,2013-01-01,1,5,103270.9374
782,2013-01-01,1,3,80727.0523
786,2013-01-01,63,2,246607.153
788,2013-01-01,63,4,124199.61260000001
790,2013-01-01,1,5,257929.4928
792,2013-01-01,32,3,143915.3599
794,2013-01-01,1,5,206764.5025
798,2013-01-01,63,2,183293.8592
802,2013-01-01,63,2,9727.4908
808,2013-01-01,1,3,198487.2377
812,2013-01-01,63,4,153798.7393
814,2013-01-01,63,4,317507.3898
816,2013-01-01,1,5,407433.5041
818,2013-01-01,1,3,49008.312
820,2013-01-01,32,4,26148.0318
822,2013-01-01,1,2,1607.4180000000001
826,2013-01-01,63,4,6335.6836
828,2013-01-01,63,4,316681.8038
832,2013-01-01,1,5,186628.455
836,2013-01-01,63,1,1409.382
844,2013-01-01,63,1,2283.84
846,2013-01-01,1,5,28523.6174
848,2013-01-01,1,3,94741.7741
852,2013-01-01,32,4,137631.3086
862,2013-01-01,63,2,86062.26150000001
864,2013-01-01,154,3,30141.686999999998
872,2013-01-01,63,2,2479.4378
874,2013-01-01,32,3,126901.7169
878,2013-01-01,63,4,76367.9387
880,2013-01-01,32,2,3712.7038000000002
886,2013-01-01,154,1,780.8182
892,2013-01-01,1,3,2738.2736
900,2013-01-01,1,5,28259.2575
902,2013-01-01,63,2,159.558
908,2013-01-01,32,4,22033.5609
912,2013-01-01,154,1,91.176
916,2013-01-01,93,2,2391.4815
920,2013-01-01,1,1,22.794
928,2013-01-01,63,2,72730.6619
930,2013-01-01,32,3,6451.4426
932,2013-01-01,32,3,278173.4175
938,2013-01-01,63,2,665.8643000000001
944,2013-01-01,32,3,21505.945499999998
948,2013-01-01,1,3,22873.5437
950,2013-01-01,63,2,11354.658800000001
952,2013-01-01,124,2,300.2438
954,2013-01-01,32,3,139007.8327
958,2013-01-01,1,3,38034.413199999995
960,2013-01-01,93,2,1041.2498
962,2013-01-01,1,3,27741.971899999997
964,2013-01-01,93,4,81132.1446
966,2013-01-01,63,4,2855.31
970,2013-01-01,1,5,131927.4759
976,2013-01-01,1,3,103690.329
978,2013-01-01,63,2,173238.28519999998
982,2013-01-01,32,3,65956.1138
986,2013-01-01,1,3,33528.077900000004
988,2013-01-01,1,3,21732.1708
998,2013-01-01,63,4,40803.2815
1002,2013-01-01,32,3,12412.2958
1014,2013-01-01,63,2,42208.9617
1016,2013-01-01,63,4,46004.220499999996
1018,2013-01-01,32,4,69441.5952
1026,2013-01-01,63,2,25068.8885
1028,2013-01-01,1,3,13242.978200000001
1032,2013-01-01,1,5,313824.7287
1034,2013-01-01,1,3,2593.1647000000003
1040,2013-01-01,63,2,53124.3208
1044,2013-01-01,124,2,29373.6405
1046,2013-01-01,32,4,124286.3434
1048,2013-01-01,32,2,1010.82
1050,2013-01-01,32,4,296800.7702
1052,2013-01-01,1,3,103784.3083
1056,2013-01-01,1,3,2854.0182999999997
1062,2013-01-01,63,2,667.8299999999999
1064,2013-01-01,63,2,5500.1379
1066,2013-01-01,63,4,150166.369
1068,2013-01-01,93,2,1336.361
1070,2013-01-01,1,3,190732.7335
1074,2013-01-01,154,1,379.467
1082,2013-01-01,63,3,2846.949
1086,2013-01-01,32,4,166732.7648
1090,2013-01-01,1,5,49365.01
1092,2013-01-01,154,1,780.8182
1096,2013-01-01,32,3,2103.1842
1102,2013-01-01,93,2,6591.812400000001
1106,2013-01-01,63,1,65.6018
1108,2013-01-01,1,5,210733.8143
1112,2013-01-01,1,2,1439.1807999999999
1114,2013-01-01,63,2,20002.0029
1116,2013-01-01,93,2,1696.1435999999999
1128,2013-01-01,124,1,183.9382
1132,2013-01-01,63,2,2850.2178999999996
1134,2013-01-01,1,5,29819.1772
1138,2013-01-01,124,2,126.89419999999998
1142,2013-01-01,1,3,16238.8323
1150,2013-01-01,63,2,10362.6806
1154,2013-01-01,124,2,3125.8692
1156,2013-01-01,1,3,16533.0942
1162,2013-01-01,32,3,12823.9704
1164,2013-01-01,1,5,76398.402
1168,2013-01-01,63,2,930.4909
1170,2013-01-01,154,3,58141.8908
1174,2013-01-01,1,5,263105.6896
1182,2013-01-01,1,5,196055.5719
1184,2013-01-01,32,4,178021.4647
1186,2013-01-01,32,4,3439.788
1188,2013-01-01,63,2,66444.6801
1192,2013-01-01,1,5,60649.0
1200,2013-01-01,1,3,143860.7371
1202,2013-01-01,1,3,122769.29639999999
1204,2013-01-01,63,4,8290.9324
1212,2013-01-01,63,1,736.1455
1214,2013-01-01,1,5,235401.6297
1216,2013-01-01,63,2,794.2466999999999
1218,2013-01-01,63,2,4831.8251
1220,2013-01-01,1,3,113403.0655
1234,2013-01-01,32,3,91353.5461
1236,2013-01-01,1,3,105216.95300000001
1242,2013-01-01,1,3,172701.4457
1246,2013-01-01,63,3,4615.5184
1254,2013-01-01,1,3,147346.2291
1256,2013-01-01,32,3,1773.5672
1266,2013-01-01,1,3,245616.31829999998
1270,2013-01-01,1,5,67290.29669999999
1274,2013-01-01,63,2,818.9631999999999
1278,2013-01-01,63,2,75520.4697
1280,2013-01-01,93,3,1526.0438
1288,2013-01-01,63,1,202.332
1290,2013-01-01,1,3,109285.17619999999
1294,2013-01-01,32,3,101199.4256
1296,2013-01-01,63,4,115437.4723
1310,2013-01-01,1,4,88774.2023
1312,2013-01-01,1,5,103113.5066
1316,2013-01-01,1,3,103471.5643
1320,2013-01-01,1,3,2554.2758000000003
1322,2013-01-01,63,4,137037.3956
1324,2013-01-01,63,2,5788.910199999999
1328,2013-01-01,1,3,96850.49789999999
1330,2013-01-01,63,2,113539.9798
1332,2013-01-01,1,5,156372.6286
1334,2013-01-01,63,2,89689.9865
1336,2013-01-01,63,2,208261.6158
1340,2013-01-01,63,2,3053.8372
1344,2013-01-01,1,5,34995.753
1346,2013-01-01,63,2,5175.3476
1350,2013-01-01,1,5,88300.4823
1356,2013-01-01,63,4,191156.5181
1362,2013-01-01,1,4,1021.3283
1364,2013-01-01,63,4,13214.996799999999
1368,2013-01-01,63,2,2483.656
1372,2013-01-01,32,4,21026.3361
1376,2013-01-01,63,2,16184.2688
1378,2013-01-01,63,2,14476.0939
1386,2013-01-01,63,2,1299.277
1388,2013-01-01,32,3,34226.813500000004
1392,2013-01-01,63,4,13268.0462
1394,2013-01-01,1,3,7391.4407
1398,2013-01-01,1,3,39161.233
1400,2013-01-01,1,3,20946.6135
1406,2013-01-01,1,5,15663.8794
1408,2013-01-01,93,1,1141.92
1410,2013-01-01,1,3,2730.0507
1412,2013-01-01,1,2,1310.4008
1414,2013-01-01,32,4,158888.028
1416,2013-01-01,1,3,1447.9789
1418,2013-01-01,32,4,281590.6719
1422,2013-01-01,1,3,110123.1253
1424,2013-01-01,1,3,211749.0251
1426,2013-01-01,63,2,218835.19400000002
1428,2013-01-01,32,3,1264.0407
1430,2013-01-01,32,3,180839.7261
1438,2013-01-01,1,3,25671.0273
1444,2013-01-01,63,2,7792.493200000001
1450,2013-01-01,1,3,43634.8368
1456,2013-01-01,1,5,39125.4107
1458,2013-01-01,1,5,10322.5505
1466,2013-01-01,93,1,1229.4589
1468,2013-01-01,1,3,14149.9436
1470,2013-01-01,32,3,1306.9962
1472,2013-01-01,63,2,12275.8008
1478,2013-01-01,1,5,14531.7695
1480,2013-01-01,93,2,5904.5399
1486,2013-01-01,1,3,40023.9696
1796,2013-01-01,1,3,10008.4831
1798,2013-01-01,63,2,32367.849000000002
1802,2013-01-01,1,3,24591.633800000003
1806,2013-01-01,1,1,1242.8518
1816,2013-01-01,63,2,16029.625
1822,2013-01-01,32,3,18028.853900000002
1824,2013-01-01,1,1,469.794
1826,2013-01-01,124,2,2418.8216
1828,2013-01-01,1,5,5257.680300000001
1830,2013-01-01,63,2,107718.9382
1832,2013-01-01,1,3,111636.601
1834,2013-01-01,1,3,117541.3642
1836,2013-01-01,63,2,79816.2487
1838,2013-01-01,1,2,686.3794
1840,2013-01-01,32,3,213869.4374
1842,2013-01-01,63,2,117354.2911
1844,2013-01-01,63,2,174683.81410000002
1858,2013-01-01,1,3,101751.2141
1862,2013-01-01,124,2,1777.2584000000002
1864,2013-01-01,93,3,6747.2705
1868,2013-01-01,1,3,114944.3391
1876,2013-01-01,63,3,2376.0274
1878,2013-01-01,32,3,108271.1033
1882,2013-01-01,32,4,136843.6673
1896,2013-01-01,1,5,333603.7503
1898,2013-01-01,32,3,87530.3339
1900,2013-01-01,1,5,182562.1924
1916,2013-01-01,63,2,109994.5387
1924,2013-01-01,1,3,711.7311
1944,2013-01-01,1,3,140728.8123
1946,2013-01-01,1,5,55849.4109
1948,2013-01-01,32,3,80152.9087
1952,2013-01-01,32,2,58.069
1960,2013-01-01,63,1,1529.5854
1962,2013-01-01,1,3,289303.2579
1964,2013-01-01,32,3,4647.151
1966,2013-01-01,63,2,51202.6659
1968,2013-01-01,63,4,51077.0353
1970,2013-01-01,1,5,164883.5653
1972,2013-01-01,1,3,114948.32089999999
1976,2013-01-01,32,3,142557.8217
1978,2013-01-01,63,2,1131.8667
1982,2013-01-01,1,3,250435.7473
1984,2013-01-01,63,2,75083.94279999999
1986,2013-01-01,32,3,3505.2178999999996
1988,2013-01-01,1,3,5146.9497
1992,2013-01-01,1,5,375493.4641
1994,2013-01-01,63,2,70739.6569
292,2013-04-01,63,4,85329.9454
296,2013-04-01,63,4,216827.61920000002
298,2013-04-01,63,4,16331.117
302,2013-04-01,32,4,5071.5381
304,2013-04-01,63,3,6587.3763
308,2013-04-01,153,1,20.52
312,2013-04-01,63,3,1989.7412
318,2013-04-01,32,4,274274.1898
324,2013-04-01,63,3,103191.28450000001
326,2013-04-01,122,3,598.641
332,2013-04-01,2,3,7786.2085
336,2013-04-01,2,1,149.031
340,2013-04-01,2,4,139659.6112
342,2013-04-01,153,3,1061.1145000000001
344,2013-04-01,2,4,189720.7097
348,2013-04-01,2,3,3381.2525
352,2013-04-01,2,4,194423.137
356,2013-04-01,2,3,11767.576599999999
366,2013-04-01,32,4,21517.1162
368,2013-04-01,2,4,37628.6418
370,2013-04-01,2,4,142030.7292
372,2013-04-01,2,4,270864.20160000003
382,2013-04-01,63,3,1253.9947000000002
386,2013-04-01,63,3,9191.3197
388,2013-04-01,63,4,40076.885200000004
392,2013-04-01,32,4,28152.1695
398,2013-04-01,63,3,7520.2792
406,2013-04-01,63,2,491.04
412,2013-04-01,2,4,24027.8658
414,2013-04-01,2,4,37488.9416
418,2013-04-01,91,3,1892.5972
422,2013-04-01,2,4,108158.6231
428,2013-04-01,2,4,33397.0922
430,2013-04-01,32,1,249.54
432,2013-04-01,63,3,155296.146
440,2013-04-01,32,4,116926.7595
452,2013-04-01,2,4,9669.7591
466,2013-04-01,2,4,11200.2977
472,2013-04-01,63,3,133324.8997
474,2013-04-01,2,4,191772.84100000001
478,2013-04-01,63,4,259398.4224
484,2013-04-01,32,3,572.4688
492,2013-04-01,63,3,5516.9394
494,2013-04-01,2,4,7942.4078
496,2013-04-01,32,4,20041.980199999998
498,2013-04-01,2,4,26480.3956
504,2013-04-01,153,2,2505.8900999999996
506,2013-04-01,63,3,10035.8421
510,2013-04-01,63,3,313.0719
512,2013-04-01,63,4,18054.8311
516,2013-04-01,63,3,102953.6697
518,2013-04-01,32,4,290896.8144
520,2013-04-01,63,4,26201.0151
524,2013-04-01,91,1,647.994
526,2013-04-01,63,3,2368.3167
534,2013-04-01,32,4,197299.0964
536,2013-04-01,2,4,2823.6349
540,2013-04-01,2,3,3573.4611
544,2013-04-01,63,4,38333.5298
546,2013-04-01,2,4,2453.9932
548,2013-04-01,32,4,357708.7747
556,2013-04-01,2,4,25673.2045
558,2013-04-01,32,3,2136.6378
560,2013-04-01,153,2,15123.477600000002
562,2013-04-01,2,4,164908.6018
568,2013-04-01,32,4,1774.251
570,2013-04-01,32,4,130031.0435
574,2013-04-01,32,2,559.7819999999999
584,2013-04-01,32,3,1096.1995
590,2013-04-01,32,4,28198.346700000002
592,2013-04-01,32,4,370636.4495
598,2013-04-01,2,4,379531.5501
600,2013-04-01,2,4,181777.8716
602,2013-04-01,2,4,187701.7401
604,2013-04-01,2,3,1940.9638
608,2013-04-01,2,4,9080.4048
612,2013-04-01,63,3,15656.8935
620,2013-04-01,2,3,4837.8845
622,2013-04-01,2,4,142176.8161
628,2013-04-01,91,3,1361.5898000000002
634,2013-04-01,91,3,16398.2065
638,2013-04-01,63,3,12925.6534
640,2013-04-01,32,4,19957.454700000002
642,2013-04-01,63,4,135249.67810000002
648,2013-04-01,63,4,320777.5737
650,2013-04-01,2,2,1915.9335
654,2013-04-01,63,2,16268.6523
658,2013-04-01,153,2,1272.3885
662,2013-04-01,32,4,360590.8171
664,2013-04-01,32,4,233197.64380000002
668,2013-04-01,63,4,118372.59710000001
672,2013-04-01,63,4,159864.4424
684,2013-04-01,32,4,25255.4353
692,2013-04-01,32,4,134520.01799999998
694,2013-04-01,63,3,19377.5783
698,2013-04-01,32,2,5537.0835
700,2013-04-01,2,3,6417.1108
702,2013-04-01,63,3,31053.5667
710,2013-04-01,2,4,47318.0679
716,2013-04-01,63,4,19430.004
722,2013-04-01,32,2,514.788
726,2013-04-01,153,3,2270.6447
728,2013-04-01,2,4,12826.062
732,2013-04-01,2,4,19353.853
734,2013-04-01,63,3,11257.6728
738,2013-04-01,2,4,15021.570500000002
744,2013-04-01,32,4,31002.839799999998
746,2013-04-01,2,4,48131.2184
752,2013-04-01,63,4,29926.8144
762,2013-04-01,32,4,293715.9482
764,2013-04-01,63,4,98015.617
766,2013-04-01,2,3,9015.491
768,2013-04-01,32,4,184988.3638
776,2013-04-01,63,3,2942.3951
780,2013-04-01,2,4,91742.4551
782,2013-04-01,2,4,112263.72679999999
786,2013-04-01,63,3,327172.0022
788,2013-04-01,63,4,116102.5546
790,2013-04-01,2,4,225241.3797
792,2013-04-01,32,4,186417.529
794,2013-04-01,2,4,162091.4284
798,2013-04-01,63,3,197135.4802
802,2013-04-01,63,3,13955.6368
808,2013-04-01,2,4,266204.9132
812,2013-04-01,63,4,170674.4939
814,2013-04-01,63,4,348561.747
816,2013-04-01,2,4,379298.1467
818,2013-04-01,2,2,362.832
820,2013-04-01,32,4,3369.444
822,2013-04-01,2,3,1791.3562000000002
826,2013-04-01,63,4,7786.4655
828,2013-04-01,63,4,266874.61360000004
832,2013-04-01,2,4,189855.8876
836,2013-04-01,63,2,1805.4540000000002
844,2013-04-01,63,2,2951.67
846,2013-04-01,2,4,26017.957300000002
848,2013-04-01,2,4,135953.3799
852,2013-04-01,32,4,142552.8711
862,2013-04-01,63,3,92187.4303
872,2013-04-01,63,3,2502.2318
874,2013-04-01,32,4,174866.9823
878,2013-04-01,63,4,71270.253
880,2013-04-01,122,1,647.994
892,2013-04-01,2,4,3557.3843
900,2013-04-01,2,4,1890.2396999999999
902,2013-04-01,63,3,2631.8687
908,2013-04-01,32,4,20073.1326
920,2013-04-01,91,1,22.794
928,2013-04-01,63,3,110985.09700000001
930,2013-04-01,32,4,7780.3387999999995
932,2013-04-01,32,4,356348.4699
938,2013-04-01,63,3,1203.1973
944,2013-04-01,32,4,25977.1575
948,2013-04-01,2,4,24616.9977
950,2013-04-01,63,3,14173.4228
952,2013-04-01,32,3,639.9813
954,2013-04-01,32,4,170795.3572
958,2013-04-01,2,4,52285.948899999996
962,2013-04-01,2,4,31759.1406
966,2013-04-01,63,4,2182.848
970,2013-04-01,2,4,129845.0859
976,2013-04-01,2,4,137282.2592
978,2013-04-01,63,3,210088.85379999998
982,2013-04-01,32,4,77760.3221
986,2013-04-01,2,4,39010.7805
988,2013-04-01,2,4,29806.6547
998,2013-04-01,63,4,40894.782
1002,2013-04-01,32,4,18428.95
1014,2013-04-01,63,3,53814.2189
1016,2013-04-01,63,4,17367.2621
1018,2013-04-01,32,4,11854.4722
1026,2013-04-01,63,3,32115.7985
1028,2013-04-01,2,4,14727.4354
1032,2013-04-01,2,4,293874.39139999996
1034,2013-04-01,2,4,3193.4272
1040,2013-04-01,63,3,78849.7326
1044,2013-04-01,32,2,249.54
1046,2013-04-01,32,4,138485.0111
1048,2013-04-01,32,3,1551.2069999999999
1050,2013-04-01,32,4,351273.7273
1052,2013-04-01,2,4,134036.6408
1056,2013-04-01,2,3,2679.701
1062,2013-04-01,153,2,667.8299999999999
1064,2013-04-01,63,3,5567.6769
1066,2013-04-01,63,4,128115.672
1068,2013-04-01,2,3,1401.9628
1070,2013-04-01,2,4,258976.6809
1074,2013-04-01,63,2,798.2867
1082,2013-04-01,63,3,3451.483
1086,2013-04-01,32,4,185966.44770000002
1090,2013-04-01,2,4,10366.1366
1092,2013-04-01,63,2,1429.7236
1096,2013-04-01,32,4,2703.4467
1106,2013-04-01,63,2,714.5072
1108,2013-04-01,2,4,207970.0234
1112,2013-04-01,91,2,1439.1807999999999
1114,2013-04-01,63,3,28631.0092
1118,2013-04-01,32,2,2479.283
1132,2013-04-01,153,2,2850.2178999999996
1134,2013-04-01,2,4,27755.78
1138,2013-04-01,32,3,1818.2224999999999
1142,2013-04-01,2,4,20242.0481
1148,2013-04-01,63,2,2147.6296
1150,2013-04-01,63,3,16939.7966
1154,2013-04-01,32,3,3794.9611
1156,2013-04-01,2,4,19151.57
1162,2013-04-01,32,4,18116.8705
1164,2013-04-01,2,4,53434.8155
1168,2013-04-01,63,3,1477.4850999999999
1172,2013-04-01,63,1,67.539
1174,2013-04-01,2,4,192756.2792
1182,2013-04-01,2,4,181532.4164
1184,2013-04-01,32,4,192106.874
1186,2013-04-01,32,4,680.3558
1188,2013-04-01,63,3,85754.5173
1192,2013-04-01,2,4,2039.5715
1200,2013-04-01,2,4,189701.6685
1202,2013-04-01,2,4,145726.8739
1204,2013-04-01,63,4,9044.785
1212,2013-04-01,153,1,736.1455
1214,2013-04-01,2,4,141119.8325
1216,2013-04-01,153,2,794.2466999999999
1218,2013-04-01,153,2,4831.8251
1220,2013-04-01,2,4,140242.1576
1234,2013-04-01,32,4,131019.65460000001
1236,2013-04-01,2,4,130478.7914
1242,2013-04-01,2,4,244312.44210000001
1246,2013-04-01,63,4,4824.7744
1254,2013-04-01,2,4,192239.4437
1256,2013-04-01,32,4,1831.2479999999998
1266,2013-04-01,2,4,338648.8249
1270,2013-04-01,91,3,1396.9077
1274,2013-04-01,63,3,2127.9007
1278,2013-04-01,63,3,115830.4856
1280,2013-04-01,2,3,732.126
1288,2013-04-01,153,1,202.332
1290,2013-04-01,2,4,146164.43219999998
1294,2013-04-01,32,4,138416.1478
1296,2013-04-01,63,4,104739.69309999999
1310,2013-04-01,2,3,3371.5913
1312,2013-04-01,2,4,92518.5973
1316,2013-04-01,2,4,129192.7975
1320,2013-04-01,2,4,3290.4213
1322,2013-04-01,63,4,121578.9539
1324,2013-04-01,63,3,5811.704199999999
1326,2013-04-01,2,2,1733.8347
1328,2013-04-01,2,4,130949.09449999999
1330,2013-04-01,63,3,136152.3908
1332,2013-04-01,2,4,134101.8059
1334,2013-04-01,63,3,106943.9896
1336,2013-04-01,63,3,252557.44819999998
1338,2013-04-01,32,2,1479.0879
1340,2013-04-01,63,3,3251.8732
1344,2013-04-01,2,4,4972.5364
1346,2013-04-01,63,3,5593.3158
1350,2013-04-01,2,4,75095.9154
1356,2013-04-01,63,4,193150.3149
1362,2013-04-01,2,4,1027.0855
1364,2013-04-01,153,3,5940.6907
1368,2013-04-01,153,2,2483.656
1372,2013-04-01,32,4,20521.0917
1376,2013-04-01,63,3,20412.4148
1378,2013-04-01,63,3,15842.316799999999
1386,2013-04-01,63,3,1413.2469999999998
1388,2013-04-01,32,4,41375.9932
1392,2013-04-01,63,4,13419.0515
1394,2013-04-01,2,4,8981.4805
1398,2013-04-01,2,4,44289.4011
1400,2013-04-01,2,4,27266.8589
1406,2013-04-01,2,4,16841.6623
1408,2013-04-01,2,2,1344.252
1410,2013-04-01,2,4,3684.6387
1412,2013-04-01,2,3,2539.8597
1414,2013-04-01,32,4,169296.21659999999
1416,2013-04-01,2,4,1772.4316
1418,2013-04-01,32,4,321732.7075
1422,2013-04-01,2,4,143753.4908
1424,2013-04-01,2,4,271585.50430000003
1426,2013-04-01,63,3,275862.9634
1428,2013-04-01,32,4,1588.4933999999998
1430,2013-04-01,32,4,240062.2881
1436,2013-04-01,63,1,1275.0469
1438,2013-04-01,91,1,1229.4589
1444,2013-04-01,63,3,10611.2572
1450,2013-04-01,2,4,63774.0784
1456,2013-04-01,2,4,34894.3866
1458,2013-04-01,2,4,6205.746
1468,2013-04-01,2,4,14603.1194
1470,2013-04-01,32,4,1588.9124000000002
1472,2013-04-01,63,3,12458.1528
1478,2013-04-01,2,4,13048.3159
1480,2013-04-01,2,3,6353.2917
1486,2013-04-01,2,4,52441.2306
1796,2013-04-01,2,4,11739.8794
1798,2013-04-01,63,3,37376.8606
1802,2013-04-01,2,4,29099.3099
1806,2013-04-01,2,2,2472.3107
1816,2013-04-01,63,3,18625.3068
1822,2013-04-01,32,4,22255.3106
1824,2013-04-01,2,2,939.588
1828,2013-04-01,2,4,1854.5644
1830,2013-04-01,63,3,139260.50400000002
1832,2013-04-01,2,4,141834.2702
1834,2013-04-01,2,4,147784.2145
1836,2013-04-01,63,3,109485.8516
1838,2013-04-01,2,3,1010.8321000000001
1840,2013-04-01,32,4,292275.1852
1842,2013-04-01,63,3,137016.9521
1844,2013-04-01,63,3,207889.0667
1858,2013-04-01,2,4,128736.4766
1862,2013-04-01,32,3,4709.2784
1868,2013-04-01,2,4,143236.4921
1876,2013-04-01,153,3,2376.0274
1878,2013-04-01,32,4,141858.8763
1882,2013-04-01,32,4,143262.5141
1896,2013-04-01,2,4,371587.1186
1898,2013-04-01,32,4,133101.3689
1900,2013-04-01,2,4,180839.0115
1916,2013-04-01,63,3,153752.6386
1924,2013-04-01,2,4,1309.7989
1936,2013-04-01,2,1,324.4527
1944,2013-04-01,2,4,191430.9281
1946,2013-04-01,2,4,2160.7057
1948,2013-04-01,32,4,120420.1507
1952,2013-04-01,122,2,58.069
1960,2013-04-01,63,2,4055.0323
1962,2013-04-01,2,4,382758.9177
1964,2013-04-01,32,4,5615.5794000000005
1966,2013-04-01,63,3,70195.7708
1968,2013-04-01,63,4,38424.048800000004
1970,2013-04-01,2,4,129884.8039
1972,2013-04-01,2,4,144602.5816
1976,2013-04-01,32,4,199374.7568
1978,2013-04-01,63,3,1199.4157
1982,2013-04-01,2,4,353798.0835
1984,2013-04-01,63,3,107814.1643
1986,2013-04-01,32,4,3963.9910999999997
1988,2013-04-01,2,4,5914.7154
1992,2013-04-01,2,4,359872.0404
1994,2013-04-01,63,3,103452.0349
292,2013-07-01,62,4,121868.0095
296,2013-07-01,62,4,203941.0636
298,2013-07-01,154,3,7240.6723
302,2013-07-01,32,4,83973.4442
304,2013-07-01,154,3,6587.3763
308,2013-07-01,62,2,2253.3381
312,2013-07-01,62,3,3726.0641
314,2013-07-01,1,1,762.9024
318,2013-07-01,32,4,264874.4265
320,2013-07-01,62,1,324.4527
324,2013-07-01,62,4,138084.6211
326,2013-07-01,32,3,46839.126000000004
330,2013-07-01,32,1,149.874
332,2013-07-01,1,3,7005.0507
336,2013-07-01,93,1,149.031
338,2013-07-01,1,1,9885.8499
340,2013-07-01,93,3,92245.8941
342,2013-07-01,62,3,1228.0045
344,2013-07-01,1,4,147908.24109999998
348,2013-07-01,1,3,1779.5307
352,2013-07-01,93,3,130769.7438
356,2013-07-01,93,2,11426.5868
358,2013-07-01,1,1,567.8978
360,2013-07-01,1,1,7265.0535
364,2013-07-01,1,1,5219.922
366,2013-07-01,32,4,17022.8001
368,2013-07-01,1,4,25932.1856
370,2013-07-01,1,4,148471.4117
372,2013-07-01,1,4,242842.0645
374,2013-07-01,1,1,52140.0648
378,2013-07-01,1,1,14124.1711
382,2013-07-01,62,4,1723.7887
386,2013-07-01,62,4,11035.8233
388,2013-07-01,62,4,34659.721000000005
392,2013-07-01,32,4,19123.3591
398,2013-07-01,62,4,7938.7912
406,2013-07-01,62,3,973.6662
410,2013-07-01,1,1,18061.4216
412,2013-07-01,1,4,23042.8605
414,2013-07-01,1,4,26899.9252
420,2013-07-01,1,1,3170.628
422,2013-07-01,1,4,162041.23249999998
428,2013-07-01,1,4,23613.009299999998
430,2013-07-01,123,1,249.54
432,2013-07-01,62,4,205158.4159
436,2013-07-01,1,1,356.898
440,2013-07-01,123,3,88918.64050000001
452,2013-07-01,1,4,5529.7299
456,2013-07-01,1,1,868.854
466,2013-07-01,1,4,5336.917600000001
472,2013-07-01,62,4,165520.6424
474,2013-07-01,1,4,168656.6614
476,2013-07-01,1,1,42188.4683
478,2013-07-01,62,4,268777.6803
482,2013-07-01,1,1,85091.667
484,2013-07-01,123,2,514.788
490,2013-07-01,1,1,1506.564
492,2013-07-01,62,4,7526.310100000001
494,2013-07-01,1,4,9269.4692
496,2013-07-01,32,4,18524.442199999998
498,2013-07-01,1,4,23745.1798
504,2013-07-01,62,3,6221.0526
506,2013-07-01,62,4,12494.4545
508,2013-07-01,1,1,356.898
510,2013-07-01,62,4,637.6895
512,2013-07-01,62,4,20771.602
516,2013-07-01,62,4,132467.7939
518,2013-07-01,32,4,286980.5481
520,2013-07-01,62,4,2795.5133
526,2013-07-01,154,3,2368.3167
532,2013-07-01,1,2,13066.1803
534,2013-07-01,32,4,185358.1263
536,2013-07-01,1,4,3128.3869
538,2013-07-01,32,1,62654.9612
540,2013-07-01,1,3,5150.3575
542,2013-07-01,32,1,4805.5328
544,2013-07-01,62,4,43936.3085
546,2013-07-01,1,4,8846.5615
548,2013-07-01,123,3,269019.1322
550,2013-07-01,32,1,26328.5293
554,2013-07-01,1,1,2254.7148
556,2013-07-01,1,4,24852.9506
558,2013-07-01,123,2,510.167
560,2013-07-01,62,3,17582.3954
562,2013-07-01,1,4,162315.31459999998
564,2013-07-01,32,1,2288.7072
568,2013-07-01,32,4,1313.385
570,2013-07-01,32,4,122791.5124
574,2013-07-01,32,3,883.7760000000001
580,2013-07-01,1,1,66845.6546
582,2013-07-01,1,1,68473.2873
584,2013-07-01,123,3,1096.1995
590,2013-07-01,123,3,15104.0501
592,2013-07-01,32,4,301029.9532
596,2013-07-01,1,1,98066.5013
598,2013-07-01,1,4,347266.13289999997
600,2013-07-01,1,4,251993.4362
602,2013-07-01,1,4,172569.17200000002
604,2013-07-01,1,3,3548.574
608,2013-07-01,1,4,7480.8856
612,2013-07-01,154,2,2531.2916
614,2013-07-01,32,1,8109.252
620,2013-07-01,1,4,6139.7105
622,2013-07-01,1,4,129382.00409999999
628,2013-07-01,1,3,1368.15
630,2013-07-01,32,1,4536.257
634,2013-07-01,1,3,12830.6682
636,2013-07-01,32,1,5619.4119
638,2013-07-01,62,4,14419.6237
640,2013-07-01,123,3,16175.613000000001
642,2013-07-01,62,4,164626.44520000002
648,2013-07-01,62,4,366058.2155
650,2013-07-01,1,2,633.72
652,2013-07-01,32,1,163930.3943
654,2013-07-01,154,1,1317.6898
656,2013-07-01,1,1,60425.9465
658,2013-07-01,62,3,1658.6586999999997
662,2013-07-01,32,4,333738.2605
664,2013-07-01,32,4,202511.4515
666,2013-07-01,32,1,1243.3033
668,2013-07-01,62,4,141065.805
670,2013-07-01,32,1,818.7
672,2013-07-01,62,4,178668.1359
684,2013-07-01,32,4,18271.855
688,2013-07-01,32,1,9150.3819
690,2013-07-01,1,1,316.86
692,2013-07-01,32,4,140032.3253
694,2013-07-01,154,2,332.9692
698,2013-07-01,123,1,4228.146
700,2013-07-01,93,2,4931.2285
702,2013-07-01,62,4,41816.7177
706,2013-07-01,1,1,3560.754
708,2013-07-01,1,1,15842.6141
710,2013-07-01,93,3,29373.4275
716,2013-07-01,62,4,18421.601899999998
718,2013-07-01,32,1,5001.8872
720,2013-07-01,32,1,10686.736
722,2013-07-01,32,3,838.782
728,2013-07-01,1,4,9867.588
732,2013-07-01,1,4,18681.42
734,2013-07-01,62,4,12509.9257
736,2013-07-01,32,1,2636.688
738,2013-07-01,93,3,5396.5096
742,2013-07-01,32,1,803.766
744,2013-07-01,32,4,21861.016799999998
746,2013-07-01,1,4,46644.0938
752,2013-07-01,62,4,35583.889299999995
762,2013-07-01,32,4,277860.1597
764,2013-07-01,62,4,90218.3633
766,2013-07-01,1,3,12986.681
768,2013-07-01,32,4,162282.7924
770,2013-07-01,32,1,66934.7011
772,2013-07-01,32,1,1725.8568
776,2013-07-01,62,4,5660.7146
780,2013-07-01,1,4,114322.6348
782,2013-07-01,93,3,72378.1535
786,2013-07-01,62,4,431654.9655
788,2013-07-01,62,4,140568.9676
790,2013-07-01,93,3,145612.4368
792,2013-07-01,32,4,180252.22580000001
794,2013-07-01,1,4,152857.7514
796,2013-07-01,1,1,57103.0684
798,2013-07-01,62,4,255176.72149999999
802,2013-07-01,62,4,17689.5591
808,2013-07-01,1,4,287968.1826
810,2013-07-01,1,1,2130.7669
812,2013-07-01,62,4,183917.6607
814,2013-07-01,62,4,396454.9271
816,2013-07-01,1,4,307763.0311
818,2013-07-01,1,3,1181.5320000000002
820,2013-07-01,123,3,2685.4139999999998
822,2013-07-01,1,4,2763.3382
826,2013-07-01,62,4,5025.8488
828,2013-07-01,62,4,285632.59130000003
830,2013-07-01,1,2,606.4408000000001
832,2013-07-01,1,4,166708.60379999998
834,2013-07-01,1,1,58320.1019
836,2013-07-01,154,2,1805.4540000000002
838,2013-07-01,1,1,71283.2401
844,2013-07-01,62,3,4955.3863
846,2013-07-01,1,4,19246.387
848,2013-07-01,1,4,123742.60829999999
852,2013-07-01,32,4,136061.0925
858,2013-07-01,32,1,32901.6223
862,2013-07-01,62,4,114294.4289
872,2013-07-01,154,3,2502.2318
874,2013-07-01,32,4,207116.82
876,2013-07-01,32,2,1316.6546
878,2013-07-01,62,4,50220.2421
880,2013-07-01,32,2,3401.982
888,2013-07-01,32,1,1344.588
892,2013-07-01,1,4,1510.5807
898,2013-07-01,1,1,202.332
900,2013-07-01,1,4,2264.1072
902,2013-07-01,154,3,2631.8687
908,2013-07-01,32,4,18987.3833
914,2013-07-01,1,1,323.994
928,2013-07-01,62,4,137425.0834
930,2013-07-01,123,3,4852.6126
932,2013-07-01,32,4,319390.5203
938,2013-07-01,62,4,2620.1228
940,2013-07-01,32,1,22690.4492
942,2013-07-01,1,1,1717.8
944,2013-07-01,32,4,23071.9873
946,2013-07-01,1,1,8617.5497
948,2013-07-01,1,4,14540.7315
950,2013-07-01,62,4,20280.7448
952,2013-07-01,123,2,609.7015
954,2013-07-01,32,4,173070.2086
958,2013-07-01,1,4,55286.8448
962,2013-07-01,1,4,78188.54699999999
966,2013-07-01,62,4,3291.96
970,2013-07-01,1,4,114027.1618
972,2013-07-01,1,1,200.052
976,2013-07-01,1,4,146894.4292
978,2013-07-01,62,4,268209.286
982,2013-07-01,32,4,58887.9164
986,2013-07-01,1,4,29056.5152
988,2013-07-01,1,4,26753.2396
992,2013-07-01,1,1,3385.776
998,2013-07-01,62,4,46744.7319
1002,2013-07-01,32,4,24540.7705
1014,2013-07-01,62,4,67790.2412
1016,2013-07-01,62,4,17260.7444
1018,2013-07-01,32,4,11371.275300000001
1024,2013-07-01,1,1,6557.411
1026,2013-07-01,62,4,39770.192200000005
1028,2013-07-01,1,4,10075.0697
1030,2013-07-01,1,1,38544.3379
1032,2013-07-01,1,4,323801.6531
1034,2013-07-01,1,4,2725.9225
1036,2013-07-01,32,1,27275.3063
1040,2013-07-01,62,4,115999.9647
1044,2013-07-01,32,3,921.834
1046,2013-07-01,32,4,138045.38019999999
1048,2013-07-01,32,4,2588.361
1050,2013-07-01,32,4,323790.5982
1052,2013-07-01,1,4,110157.6741
1054,2013-07-01,32,1,283.9489
1056,2013-07-01,1,4,12529.787
1064,2013-07-01,62,4,5751.6151
1066,2013-07-01,62,4,136737.3476
1068,2013-07-01,1,3,2839.7763
1070,2013-07-01,93,3,199457.921
1072,2013-07-01,32,2,7504.3968
1074,2013-07-01,62,3,1469.6970999999999
1082,2013-07-01,62,4,4189.2108
1086,2013-07-01,32,4,170916.2667
1088,2013-07-01,1,2,1849.6319999999998
1090,2013-07-01,1,4,11580.1325
1092,2013-07-01,154,2,1429.7236
1094,2013-07-01,1,1,2751.624
1096,2013-07-01,32,4,2400.57
1100,2013-07-01,32,1,2232.84
1102,2013-07-01,1,2,2475.9149
1106,2013-07-01,154,2,714.5072
1108,2013-07-01,93,3,153839.5718
1114,2013-07-01,62,4,36497.7757
1116,2013-07-01,1,2,472.203
1118,2013-07-01,123,1,107.988
1122,2013-07-01,1,1,200.052
1130,2013-07-01,1,1,3521.495
1132,2013-07-01,62,3,3031.9136
1134,2013-07-01,1,4,25448.001
1138,2013-07-01,32,3,2379.6893
1140,2013-07-01,1,1,5194.614
1142,2013-07-01,1,4,20562.9615
1146,2013-07-01,32,1,5497.4401
1148,2013-07-01,154,1,469.794
1150,2013-07-01,62,4,21455.7799
1152,2013-07-01,32,1,8410.9927
1154,2013-07-01,123,2,1317.9973
1156,2013-07-01,93,3,9066.0841
1162,2013-07-01,32,4,17094.3157
1164,2013-07-01,1,4,34908.395599999996
1168,2013-07-01,62,4,2254.7753000000002
1172,2013-07-01,154,1,67.539
1174,2013-07-01,93,3,135393.0177
1182,2013-07-01,1,4,167752.53519999998
1184,2013-07-01,123,3,130397.59150000001
1186,2013-07-01,123,3,608.3678
1188,2013-07-01,62,4,124532.3947
1192,2013-07-01,93,3,1660.1045
1196,2013-07-01,32,1,1020.594
1198,2013-07-01,32,1,33802.11
1200,2013-07-01,1,4,169262.2586
1202,2013-07-01,1,4,140203.0494
1204,2013-07-01,62,4,12292.2845
1210,2013-07-01,1,1,32904.684
1212,2013-07-01,62,2,758.9395
1214,2013-07-01,1,4,138750.9669
1218,2013-07-01,62,3,7649.6868
1220,2013-07-01,1,4,141731.5498
1230,2013-07-01,1,1,27185.7408
1232,2013-07-01,1,1,29.388
1234,2013-07-01,32,4,122774.8331
1236,2013-07-01,1,4,141431.1613
1238,2013-07-01,1,1,30005.918
1242,2013-07-01,1,4,317214.5319
1246,2013-07-01,154,3,3395.3658
1252,2013-07-01,1,1,39731.712
1254,2013-07-01,1,4,207298.8307
1256,2013-07-01,32,4,791.3406
1262,2013-07-01,1,1,94139.2728
1266,2013-07-01,1,4,320315.4207
1272,2013-07-01,1,1,356.898
1274,2013-07-01,62,4,2342.5335
1276,2013-07-01,1,1,21892.136
1278,2013-07-01,62,4,149807.9969
1280,2013-07-01,93,2,262.332
1290,2013-07-01,1,4,142727.5996
1292,2013-07-01,1,1,1914.4429
1294,2013-07-01,123,3,81233.8939
1296,2013-07-01,62,4,126350.7516
1300,2013-07-01,1,1,122284.4578
1302,2013-07-01,32,1,56981.3473
1304,2013-07-01,1,1,49258.2807
1310,2013-07-01,1,3,1586.7657
1312,2013-07-01,93,3,64626.192
1316,2013-07-01,1,4,128994.0387
1320,2013-07-01,1,4,1622.2314999999999
1322,2013-07-01,62,4,140093.0882
1324,2013-07-01,154,3,5811.704199999999
1326,2013-07-01,1,2,2268.282
1328,2013-07-01,93,3,90549.5166
1330,2013-07-01,62,4,179831.3508
1332,2013-07-01,1,4,117965.997
1334,2013-07-01,62,4,132529.046
1336,2013-07-01,62,4,339897.5501
1338,2013-07-01,32,2,4053.8198999999995
1340,2013-07-01,62,4,4036.0739
1344,2013-07-01,93,3,4648.0837
1346,2013-07-01,62,4,6167.3085
1350,2013-07-01,1,4,68871.4235
1356,2013-07-01,62,4,192566.2297
1362,2013-07-01,1,4,53870.979100000004
1366,2013-07-01,32,1,5527.9561
1368,2013-07-01,62,3,2578.023
1372,2013-07-01,123,3,14833.77
1376,2013-07-01,62,4,24133.3375
1378,2013-07-01,62,4,17162.951699999998
1380,2013-07-01,1,1,2333.472
1384,2013-07-01,1,1,10284.1936
1386,2013-07-01,62,4,1618.393
1388,2013-07-01,32,4,41474.3188
1392,2013-07-01,62,4,9775.746
1394,2013-07-01,1,4,7129.5307
1396,2013-07-01,1,1,4005.036
1398,2013-07-01,1,4,30900.5363
1400,2013-07-01,1,4,22050.076
1404,2013-07-01,32,1,108651.1426
1406,2013-07-01,93,3,12031.6281
1408,2013-07-01,93,2,1344.252
1410,2013-07-01,93,3,3360.1859999999997
1412,2013-07-01,1,4,2571.4437
1414,2013-07-01,32,4,164310.2903
1416,2013-07-01,93,3,1588.4933999999998
1418,2013-07-01,32,4,299522.7178
1420,2013-07-01,1,1,101223.4606
1422,2013-07-01,1,4,148913.4662
1424,2013-07-01,1,4,297843.2735
1426,2013-07-01,62,4,354805.2477
1428,2013-07-01,32,4,1145.4234
1430,2013-07-01,32,4,215978.8668
1434,2013-07-01,1,1,977.376
1436,2013-07-01,62,2,2572.8878
1440,2013-07-01,1,1,20455.5812
1444,2013-07-01,62,4,12521.5522
1448,2013-07-01,62,1,68.382
1450,2013-07-01,1,4,64267.8639
1456,2013-07-01,1,4,36569.176999999996
1458,2013-07-01,93,3,3558.714
1462,2013-07-01,1,1,15681.3497
1464,2013-07-01,1,1,14267.0691
1468,2013-07-01,93,3,4799.5462
1470,2013-07-01,32,4,1141.8665999999998
1472,2013-07-01,62,4,13961.1397
1476,2013-07-01,1,1,756.366
1478,2013-07-01,1,4,13056.3328
1480,2013-07-01,1,3,3033.5419
1482,2013-07-01,1,1,2666.2695
1486,2013-07-01,1,4,44342.607
1796,2013-07-01,93,3,7375.6075
1798,2013-07-01,62,4,45190.6918
1802,2013-07-01,1,4,18752.0606
1806,2013-07-01,93,2,2472.3107
1812,2013-07-01,1,1,1580.0004
1814,2013-07-01,1,1,762.9024
1816,2013-07-01,62,4,23936.8419
1822,2013-07-01,32,4,22131.4284
1824,2013-07-01,93,2,939.588
1828,2013-07-01,1,4,2564.4334
1830,2013-07-01,62,4,180419.34970000002
1832,2013-07-01,93,3,88664.2223
1834,2013-07-01,93,3,99242.3832
1836,2013-07-01,62,4,136591.7792
1838,2013-07-01,1,4,6997.518099999999
1840,2013-07-01,32,4,298188.5538
1842,2013-07-01,62,4,174832.7856
1844,2013-07-01,62,4,252486.2445
1846,2013-07-01,32,1,49685.6585
1856,2013-07-01,1,1,1323.438
1858,2013-07-01,1,4,141105.639
1862,2013-07-01,123,2,4341.402
1864,2013-07-01,1,2,711.894
1866,2013-07-01,1,1,38978.1074
1868,2013-07-01,1,4,90263.4419
1870,2013-07-01,1,1,5270.5524
1872,2013-07-01,1,1,672.294
1874,2013-07-01,1,1,22147.2853
1878,2013-07-01,32,4,142194.521
1882,2013-07-01,32,4,136151.0152
1888,2013-07-01,32,1,41100.9587
1894,2013-07-01,1,1,29331.5099
1896,2013-07-01,93,3,281414.4448
1898,2013-07-01,32,4,121876.2792
1900,2013-07-01,1,4,134991.1665
1904,2013-07-01,1,1,1.374
1916,2013-07-01,62,4,200013.366
1918,2013-07-01,32,1,356.898
1924,2013-07-01,1,4,1296.4184
1926,2013-07-01,1,1,748.134
1936,2013-07-01,1,2,3022.6286999999998
1940,2013-07-01,1,1,24026.606
1944,2013-07-01,1,4,178853.3782
1946,2013-07-01,1,4,39105.759699999995
1948,2013-07-01,32,4,91135.89630000001
1954,2013-07-01,62,1,1295.988
1958,2013-07-01,1,1,57263.2706
1960,2013-07-01,154,2,4055.0323
1962,2013-07-01,1,4,320124.227
1964,2013-07-01,123,3,4176.7284
1966,2013-07-01,62,4,93190.6807
1968,2013-07-01,62,4,21263.2098
1970,2013-07-01,1,4,189221.8211
1972,2013-07-01,93,3,91186.6391
1976,2013-07-01,32,4,186607.6642
1978,2013-07-01,62,4,1625.2755
1982,2013-07-01,1,4,299610.1838
1984,2013-07-01,62,4,141788.93339999998
1986,2013-07-01,32,4,4621.5947
1988,2013-07-01,1,4,5898.2427
1990,2013-07-01,32,1,50161.4111
1992,2013-07-01,1,4,352260.60349999997
1994,2013-07-01,62,4,141834.54320000001
292,2013-10-01,154,3,94438.4801
294,2013-10-01,62,1,29133.471
296,2013-10-01,62,4,177339.8845
298,2013-10-01,62,3,6186.9892
300,2013-10-01,62,1,57771.7641
302,2013-10-01,32,4,147142.95059999998
308,2013-10-01,62,3,50970.4281
312,2013-10-01,62,4,3773.0321
314,2013-10-01,93,1,762.9024
316,2013-10-01,62,1,24213.5442
318,2013-10-01,32,4,249537.33349999998
320,2013-10-01,154,1,324.4527
324,2013-10-01,62,4,122042.3613
326,2013-10-01,32,3,77949.054
328,2013-10-01,62,1,1638.8018
330,2013-10-01,32,2,308.304
332,2013-10-01,1,3,3561.5378
338,2013-10-01,1,2,15923.2899
342,2013-10-01,62,3,2196.6625
344,2013-10-01,1,4,101097.0527
348,2013-10-01,1,4,4563.5187
350,2013-10-01,62,1,1075.344
354,2013-10-01,62,1,3405.1668
356,2013-10-01,1,3,11750.5808
358,2013-10-01,1,2,1772.5898
360,2013-10-01,1,2,9490.6755
364,2013-10-01,1,2,12471.444
366,2013-10-01,32,4,14681.4041
368,2013-10-01,1,4,21235.9517
370,2013-10-01,1,4,138794.78699999998
372,2013-10-01,1,4,210357.4803
374,2013-10-01,1,2,116018.8428
378,2013-10-01,1,2,32268.8311
380,2013-10-01,62,1,4398.8328
382,2013-10-01,62,4,40035.8985
384,2013-10-01,62,1,1912.446
386,2013-10-01,154,3,6678.9658
388,2013-10-01,62,4,35672.7777
392,2013-10-01,32,4,26792.2336
394,2013-10-01,62,1,26776.3823
398,2013-10-01,62,4,5575.5236
406,2013-10-01,154,3,973.6662
408,2013-10-01,62,1,400.104
410,2013-10-01,1,2,36304.931599999996
412,2013-10-01,1,4,23039.5775
414,2013-10-01,1,4,20440.9873
420,2013-10-01,1,2,3329.058
422,2013-10-01,1,4,171469.5658
428,2013-10-01,1,4,22003.6941
432,2013-10-01,62,4,229816.9514
436,2013-10-01,1,2,1822.908
442,2013-10-01,62,1,55103.4671
444,2013-10-01,62,1,28995.9788
446,2013-10-01,62,1,40683.5406
450,2013-10-01,62,1,1667.94
452,2013-10-01,93,3,3931.746
454,2013-10-01,1,1,323.994
456,2013-10-01,1,2,3729.7380000000003
464,2013-10-01,62,1,61044.4562
466,2013-10-01,93,3,3970.6947
472,2013-10-01,62,4,198503.23129999998
474,2013-10-01,1,4,139775.1322
476,2013-10-01,1,2,79609.1663
478,2013-10-01,154,3,156490.4276
480,2013-10-01,62,1,53584.4454
482,2013-10-01,1,2,178169.3848
484,2013-10-01,32,2,443.496
490,2013-10-01,1,2,1728.51
492,2013-10-01,62,4,8339.4751
494,2013-10-01,1,4,11736.5588
496,2013-10-01,32,4,24419.420599999998
498,2013-10-01,1,4,17978.909200000002
502,2013-10-01,62,1,2614.5869
504,2013-10-01,154,2,4958.0143
506,2013-10-01,62,4,8941.9269
508,2013-10-01,1,2,381.192
510,2013-10-01,62,4,2059.3295
512,2013-10-01,62,4,16497.3566
514,2013-10-01,32,1,323.994
516,2013-10-01,62,4,137741.4013
518,2013-10-01,32,4,272497.8741
520,2013-10-01,154,3,2325.7193
524,2013-10-01,1,2,806.424
526,2013-10-01,62,3,2429.8406999999997
532,2013-10-01,1,4,23530.3207
534,2013-10-01,32,4,171173.3212
536,2013-10-01,1,4,8688.9829
538,2013-10-01,32,2,110413.7135
540,2013-10-01,1,4,5956.1455000000005
542,2013-10-01,32,2,8410.7468
544,2013-10-01,62,4,45303.1893
546,2013-10-01,1,4,13016.9812
550,2013-10-01,32,2,53815.5193
554,2013-10-01,1,2,6546.040800000001
556,2013-10-01,1,4,20312.2513
558,2013-10-01,32,2,3876.564
560,2013-10-01,154,2,11158.880400000002
562,2013-10-01,1,4,138733.274
564,2013-10-01,32,2,3179.5272
566,2013-10-01,62,1,242.4
568,2013-10-01,32,4,1726.356
570,2013-10-01,32,4,135140.23619999998
574,2013-10-01,32,4,1580.358
578,2013-10-01,62,1,228.582
580,2013-10-01,1,2,107312.9778
582,2013-10-01,1,2,108930.1998
588,2013-10-01,62,1,1279.248
592,2013-10-01,32,4,291364.577
596,2013-10-01,1,2,168403.36320000002
598,2013-10-01,1,4,306032.5022
600,2013-10-01,1,4,294930.7176
602,2013-10-01,1,4,149155.6607
604,2013-10-01,1,3,3806.3563
608,2013-10-01,1,4,8335.002
612,2013-10-01,62,3,49532.253399999994
614,2013-10-01,32,2,10055.274000000001
618,2013-10-01,62,1,47813.2429
620,2013-10-01,1,4,8543.8265
622,2013-10-01,1,4,141202.7371
624,2013-10-01,62,1,63669.48
626,2013-10-01,62,1,96485.4353
628,2013-10-01,93,2,720.1560000000001
630,2013-10-01,32,2,9300.371
634,2013-10-01,1,3,8462.4102
636,2013-10-01,32,2,14828.1099
638,2013-10-01,62,4,7724.9943
642,2013-10-01,62,4,174240.6607
644,2013-10-01,62,1,48.594
648,2013-10-01,62,4,333633.1644
650,2013-10-01,1,3,1306.0140000000001
652,2013-10-01,32,2,324308.7856
654,2013-10-01,62,2,1349.2738000000002
656,2013-10-01,1,2,114345.8458
658,2013-10-01,62,3,5554.9747
660,2013-10-01,62,1,49517.6753
662,2013-10-01,32,4,297219.9004
664,2013-10-01,32,4,180338.48140000002
666,2013-10-01,32,2,2361.8233
668,2013-10-01,154,3,101698.7901
670,2013-10-01,32,2,1414.038
672,2013-10-01,62,4,168246.42969999998
676,2013-10-01,62,1,3671.958
682,2013-10-01,62,1,13119.4132
684,2013-10-01,32,4,18292.4176
688,2013-10-01,32,2,21039.369899999998
690,2013-10-01,93,1,316.86
692,2013-10-01,32,4,156713.65039999998
696,2013-10-01,62,1,56184.0389
702,2013-10-01,154,3,28885.479
706,2013-10-01,1,2,8639.364
708,2013-10-01,1,2,33687.0881
716,2013-10-01,62,4,13798.2818
718,2013-10-01,32,2,12156.155200000001
720,2013-10-01,32,2,20386.366
722,2013-10-01,32,3,887.3580000000001
728,2013-10-01,1,4,5489.541
730,2013-10-01,62,2,2860.151
732,2013-10-01,1,4,18580.3262
734,2013-10-01,62,4,9822.473399999999
736,2013-10-01,32,3,4768.968000000001
742,2013-10-01,32,2,879.2819999999999
744,2013-10-01,32,4,18705.3017
746,2013-10-01,1,4,37876.1402
752,2013-10-01,62,4,29729.125799999998
758,2013-10-01,62,1,1373.556
762,2013-10-01,32,4,255119.7386
764,2013-10-01,62,4,73630.8832
766,2013-10-01,1,4,15887.914999999999
768,2013-10-01,32,4,150766.1702
770,2013-10-01,32,2,171088.0962
772,2013-10-01,32,2,3062.0868
774,2013-10-01,62,1,66871.8419
776,2013-10-01,62,4,25484.4386
780,2013-10-01,1,4,122209.3176
784,2013-10-01,62,1,54.942
786,2013-10-01,62,4,391005.7993
788,2013-10-01,62,4,144093.07140000002
792,2013-10-01,32,4,168282.6805
794,2013-10-01,1,4,136258.961
796,2013-10-01,1,2,82703.7904
798,2013-10-01,62,4,227524.3985
802,2013-10-01,62,4,16685.9865
806,2013-10-01,62,1,4949.682
808,2013-10-01,1,4,296124.9519
810,2013-10-01,1,2,3643.5289000000002
812,2013-10-01,62,4,159023.56089999998
814,2013-10-01,62,4,365163.7454
816,2013-10-01,1,4,237193.8359
818,2013-10-01,93,3,1181.5320000000002
822,2013-10-01,1,4,3379.1962
824,2013-10-01,62,1,40271.493
826,2013-10-01,62,4,5832.3481
828,2013-10-01,62,4,281013.0648
830,2013-10-01,1,3,1278.7348
832,2013-10-01,1,4,147124.18589999998
834,2013-10-01,1,2,94034.2641
838,2013-10-01,1,2,99965.8921
844,2013-10-01,62,4,4971.6583
846,2013-10-01,1,4,13975.4194
848,2013-10-01,1,4,143693.679
852,2013-10-01,32,4,137171.2934
854,2013-10-01,62,1,109.788
856,2013-10-01,62,1,92278.0501
858,2013-10-01,32,2,80424.6043
860,2013-10-01,62,1,62895.5616
862,2013-10-01,154,3,58692.5739
864,2013-10-01,62,1,2042.562
868,2013-10-01,62,1,790.5564
874,2013-10-01,32,4,216779.2305
876,2013-10-01,32,4,2812.8422
878,2013-10-01,154,3,41073.5962
880,2013-10-01,32,3,3507.276
886,2013-10-01,62,1,1249.65
888,2013-10-01,124,1,1344.588
890,2013-10-01,1,1,818.7
892,2013-10-01,1,4,4387.4367
898,2013-10-01,1,2,1222.926
900,2013-10-01,1,4,2849.85
906,2013-10-01,62,1,886.2949
908,2013-10-01,32,4,19371.4462
910,2013-10-01,62,1,7416.3412
914,2013-10-01,93,1,323.994
922,2013-10-01,32,1,24.294
928,2013-10-01,62,4,173866.16710000002
932,2013-10-01,32,4,280995.6599
938,2013-10-01,62,4,4020.531
940,2013-10-01,32,2,48335.6852
942,2013-10-01,93,1,1717.8
944,2013-10-01,32,4,19045.386
946,2013-10-01,1,2,15534.991699999999
948,2013-10-01,1,4,21601.586900000002
950,2013-10-01,62,4,18358.5929
954,2013-10-01,32,4,155558.2966
958,2013-10-01,1,4,51063.1068
962,2013-10-01,1,4,126056.96419999999
966,2013-10-01,154,3,3077.724
970,2013-10-01,1,4,101016.9265
972,2013-10-01,93,1,200.052
976,2013-10-01,1,4,153452.65840000001
978,2013-10-01,154,3,164982.4008
982,2013-10-01,32,4,51720.6112
984,2013-10-01,62,1,92141.4113
986,2013-10-01,1,4,18626.4902
988,2013-10-01,1,4,27615.7759
990,2013-10-01,62,1,16674.9572
992,2013-10-01,1,2,9161.028
994,2013-10-01,62,1,3977.1649
996,2013-10-01,32,1,144.0
998,2013-10-01,62,4,33224.0958
1000,2013-10-01,62,1,2183.64
1002,2013-10-01,32,4,27620.1742
1004,2013-10-01,62,1,1135.7955
1014,2013-10-01,62,4,46424.4593
1016,2013-10-01,62,4,13505.8599
1018,2013-10-01,32,4,17936.377399999998
1020,2013-10-01,62,2,5013.9847
1024,2013-10-01,1,2,13962.809000000001
1026,2013-10-01,62,4,37991.3545
1028,2013-10-01,1,4,9422.900099999999
1030,2013-10-01,1,2,67668.1713
1032,2013-10-01,1,4,361627.8501
1034,2013-10-01,93,3,1416.9850000000001
1036,2013-10-01,32,2,56778.446299999996
1038,2013-10-01,62,1,25283.1022
1040,2013-10-01,62,4,133902.1843
1042,2013-10-01,62,1,31604.671
1044,2013-10-01,32,3,1229.3122
1046,2013-10-01,32,4,153105.6999
1048,2013-10-01,32,4,3974.187
1050,2013-10-01,32,4,308893.7969
1052,2013-10-01,1,4,74783.443
1054,2013-10-01,32,2,1714.3908999999999
1056,2013-10-01,1,4,16935.326999999997
1064,2013-10-01,154,3,1042.4114
1066,2013-10-01,62,4,138732.47090000001
1068,2013-10-01,1,3,2969.4637999999995
1072,2013-10-01,32,4,10173.5464
1074,2013-10-01,62,3,1092.9781
1076,2013-10-01,62,1,437.8429
1078,2013-10-01,62,1,1574.442
1080,2013-10-01,62,1,26261.707
1082,2013-10-01,62,4,36384.4714
1084,2013-10-01,62,1,52952.3583
1086,2013-10-01,32,4,162563.6353
1088,2013-10-01,1,4,3566.118
1090,2013-10-01,1,4,10385.3651
1092,2013-10-01,62,2,675.6294
1094,2013-10-01,1,2,2953.9559999999997
1096,2013-10-01,124,3,1091.6325
1100,2013-10-01,32,2,4411.38
1102,2013-10-01,1,2,98.88600000000001
1110,2013-10-01,62,1,1669.032
1114,2013-10-01,62,4,24148.1913
1116,2013-10-01,1,2,728.658
1122,2013-10-01,93,1,200.052
1130,2013-10-01,1,2,9394.109
1132,2013-10-01,62,3,4196.9738
1134,2013-10-01,1,4,25119.1118
1136,2013-10-01,1,1,323.994
1138,2013-10-01,32,3,5989.9143
1140,2013-10-01,1,2,9184.794
1142,2013-10-01,1,4,14887.4274
1146,2013-10-01,32,2,9087.2341
1150,2013-10-01,62,4,23188.1188
1152,2013-10-01,32,2,15217.3687
1154,2013-10-01,32,2,1137.7519
1158,2013-10-01,62,1,10268.513
1160,2013-10-01,62,1,3216.3494
1162,2013-10-01,32,4,13363.1172
1164,2013-10-01,1,4,31400.0255
1166,2013-10-01,62,1,370.794
1168,2013-10-01,154,3,1570.7453
1178,2013-10-01,62,1,2045.292
1182,2013-10-01,1,4,145903.3591
1188,2013-10-01,62,4,119841.26449999999
1192,2013-10-01,1,3,1731.2513
1196,2013-10-01,124,1,1020.594
1198,2013-10-01,32,2,60319.95
1200,2013-10-01,1,4,161102.8785
1202,2013-10-01,1,4,123673.9971
1204,2013-10-01,62,4,12162.0074
1210,2013-10-01,1,2,66579.462
1212,2013-10-01,154,2,758.9395
1214,2013-10-01,1,4,125154.0914
1216,2013-10-01,62,2,1183.3527
1218,2013-10-01,62,3,8823.343499999999
1220,2013-10-01,1,4,151893.7641
1230,2013-10-01,1,2,57567.3108
1232,2013-10-01,1,2,77.982
1234,2013-10-01,32,4,131432.1235
1236,2013-10-01,1,4,131748.8048
1238,2013-10-01,1,2,65701.658
1242,2013-10-01,1,4,368440.9861
1246,2013-10-01,62,3,47200.3242
1248,2013-10-01,62,1,53277.6924
1250,2013-10-01,62,1,46703.1548
1252,2013-10-01,1,2,68075.052
1254,2013-10-01,1,4,225740.561
1256,2013-10-01,32,4,1215.5788
1260,2013-10-01,62,1,33631.8982
1262,2013-10-01,1,2,216424.99680000002
1266,2013-10-01,1,4,292625.6567
1272,2013-10-01,1,2,1822.908
1274,2013-10-01,62,4,3173.5185
1276,2013-10-01,1,2,46322.516
1278,2013-10-01,62,4,159217.4904
1282,2013-10-01,62,1,25690.4699
1284,2013-10-01,62,1,42858.2133
1286,2013-10-01,62,1,225.63
1290,2013-10-01,1,4,145328.2842
1292,2013-10-01,1,2,2643.3529
1296,2013-10-01,62,4,115792.0269
1298,2013-10-01,62,1,3919.5255
1300,2013-10-01,1,2,215682.1939
1302,2013-10-01,32,2,96811.31090000001
1304,2013-10-01,1,2,98436.8067
1306,2013-10-01,62,1,1525.8048
1310,2013-10-01,1,4,1925.7597
1316,2013-10-01,1,4,107556.4429
1318,2013-10-01,62,1,4441.4448
1320,2013-10-01,1,4,1940.7055
1322,2013-10-01,62,4,133133.9811
1324,2013-10-01,62,3,44918.1854
1326,2013-10-01,93,2,2268.282
1330,2013-10-01,154,3,117326.07389999999
1332,2013-10-01,1,4,113074.4474
1334,2013-10-01,62,4,137189.9467
1336,2013-10-01,62,4,314909.3158
1338,2013-10-01,32,3,4163.6079
1340,2013-10-01,62,4,3504.0179
1342,2013-10-01,62,1,1254.048
1346,2013-10-01,62,4,4502.0093
1350,2013-10-01,1,4,75694.8079
1352,2013-10-01,62,1,34771.9097
1354,2013-10-01,62,1,2186.73
1356,2013-10-01,62,4,191123.0941
1362,2013-10-01,1,4,84054.67510000001
1366,2013-10-01,32,2,10899.3901
1368,2013-10-01,154,2,134.74
1370,2013-10-01,62,1,17746.2521
1376,2013-10-01,62,4,23344.7859
1378,2013-10-01,154,3,6443.6165
1380,2013-10-01,1,2,6884.394
1384,2013-10-01,1,2,17601.8416
1386,2013-10-01,154,3,501.46799999999996
1388,2013-10-01,32,4,41006.6403
1392,2013-10-01,62,4,8602.133399999999
1394,2013-10-01,1,4,11834.3033
1396,2013-10-01,1,2,11915.028
1398,2013-10-01,1,4,27199.7315
1400,2013-10-01,1,4,17918.817900000002
1404,2013-10-01,32,2,182972.5195
1408,2013-10-01,1,2,559.23
1412,2013-10-01,1,4,3505.8767
1414,2013-10-01,32,4,148871.0754
1418,2013-10-01,32,4,294128.3816
1420,2013-10-01,1,2,180772.2168
1422,2013-10-01,1,4,146647.1555
1424,2013-10-01,1,4,273528.2951
1426,2013-10-01,154,3,214726.8518
1428,2013-10-01,124,3,820.9707
1430,2013-10-01,32,4,220116.33289999998
1432,2013-10-01,32,1,72.162
1434,2013-10-01,1,2,1179.708
1436,2013-10-01,154,2,2572.8878
1438,2013-10-01,1,2,1271.4529
1440,2013-10-01,1,2,49369.2512
1442,2013-10-01,62,1,283.9489
1444,2013-10-01,62,4,11678.468
1448,2013-10-01,62,2,2292.7200000000003
1450,2013-10-01,1,4,63960.4305
1456,2013-10-01,1,4,36673.3141
1462,2013-10-01,1,2,35279.3777
1464,2013-10-01,1,2,33054.947100000005
1470,2013-10-01,32,4,1279.8606
1472,2013-10-01,62,4,4833.9687
1474,2013-10-01,62,1,23624.4279
1476,2013-10-01,1,2,6726.276
1478,2013-10-01,1,4,11143.448799999998
1480,2013-10-01,1,3,3209.0667
1482,2013-10-01,1,2,7091.209499999999
1484,2013-10-01,62,1,21.576
1486,2013-10-01,1,4,37298.385
1490,2013-10-01,62,1,3741.6939
1798,2013-10-01,62,4,29688.841099999998
1802,2013-10-01,1,4,23763.146099999998
1804,2013-10-01,62,1,1741.7689
1808,2013-10-01,62,1,1615.2769
1810,2013-10-01,62,1,8785.932
1812,2013-10-01,1,2,7301.7684
1814,2013-10-01,1,2,775.0464
1816,2013-10-01,62,4,21821.1882
1818,2013-10-01,62,1,917.8789
1822,2013-10-01,32,4,24234.8204
1828,2013-10-01,1,4,1832.2092
1830,2013-10-01,62,4,147683.7833
1836,2013-10-01,62,4,195253.7233
1838,2013-10-01,1,4,13220.1492
1840,2013-10-01,32,4,308875.4876
1842,2013-10-01,62,4,190365.6452
1844,2013-10-01,62,4,266071.61840000004
1846,2013-10-01,32,2,86803.3065
1852,2013-10-01,62,1,1878.2568
1856,2013-10-01,1,2,7356.3
1858,2013-10-01,1,4,141409.7478
1864,2013-10-01,1,2,96.294
1866,2013-10-01,1,2,89960.9054
1868,2013-10-01,1,4,55176.2223
1870,2013-10-01,1,2,8859.2304
1872,2013-10-01,93,1,672.294
1874,2013-10-01,1,2,52554.8773
1878,2013-10-01,32,4,140599.4831
1880,2013-10-01,62,1,283.9489
1882,2013-10-01,32,4,145919.7626
1886,2013-10-01,62,1,802.398
1888,2013-10-01,32,2,95560.4627
1890,2013-10-01,62,1,43013.4036
1892,2013-10-01,62,1,200.052
1894,2013-10-01,1,2,50926.8779
1898,2013-10-01,32,4,128734.9993
1900,2013-10-01,1,4,91751.5346
1904,2013-10-01,93,1,1.374
1910,2013-10-01,62,1,158.43
1914,2013-10-01,62,1,24518.1401
1916,2013-10-01,154,3,139732.056
1918,2013-10-01,32,2,1029.192
1924,2013-10-01,1,4,2890.1848
1926,2013-10-01,1,2,2907.486
1928,2013-10-01,62,1,24830.4239
1932,2013-10-01,62,1,202.332
1936,2013-10-01,1,3,3224.9606999999996
1938,2013-10-01,62,1,28920.1932
1940,2013-10-01,1,2,51115.964
1944,2013-10-01,1,4,171620.73129999998
1946,2013-10-01,1,4,71554.7175
1948,2013-10-01,32,4,68261.052
1950,2013-10-01,62,1,29423.4996
1954,2013-10-01,154,1,1295.988
1958,2013-10-01,1,2,90450.11660000001
1962,2013-10-01,1,4,307274.8373
1966,2013-10-01,62,4,88061.2377
1968,2013-10-01,154,3,16394.5533
1970,2013-10-01,1,4,228187.626
1976,2013-10-01,32,4,171727.8292
1978,2013-10-01,154,3,744.2388000000001
1982,2013-10-01,1,4,241675.5395
1984,2013-10-01,62,4,134582.77479999998
1986,2013-10-01,32,4,8275.7832
1988,2013-10-01,1,4,4745.3607
1990,2013-10-01,32,2,95794.62109999999
1992,2013-10-01,1,4,328615.6554
1994,2013-10-01,62,4,146378.4909
