model,threshold,fold_1_precision,fold_1_recall,fold_1_f1,fold_1_accuracy,fold_2_precision,fold_2_recall,fold_2_f1,fold_2_accuracy,mean_precision,mean_recall,mean_f1,worst_fold_f1
Gradient Boosting,0.24000000000000002,0.2127659574468085,0.8,0.33613445378151263,0.7696793002915452,0.35294117647058826,0.46875,0.40268456375838924,0.7382352941176471,0.2828535669586984,0.634375,0.36940950876995093,0.33613445378151263
Gradient Boosting,0.23,0.20833333333333334,0.8,0.3305785123966942,0.7638483965014577,0.3488372093023256,0.46875,0.4,0.7352941176470589,0.27858527131782945,0.634375,0.3652892561983471,0.3305785123966942
Gradient Boosting,0.22,0.20202020202020202,0.8,0.3225806451612903,0.7551020408163265,0.3488372093023256,0.46875,0.4,0.7352941176470589,0.2754287056612638,0.634375,0.3612903225806452,0.3225806451612903
Gradient Boosting,0.2,0.20202020202020202,0.8,0.3225806451612903,0.7551020408163265,0.3448275862068966,0.46875,0.3973509933774834,0.7323529411764705,0.2734238941135493,0.634375,0.35996581926938687,0.3225806451612903
Gradient Boosting,0.21000000000000002,0.20202020202020202,0.8,0.3225806451612903,0.7551020408163265,0.3448275862068966,0.46875,0.3973509933774834,0.7323529411764705,0.2734238941135493,0.634375,0.35996581926938687,0.3225806451612903
Gradient Boosting,0.25,0.2127659574468085,0.8,0.33613445378151263,0.7696793002915452,0.34146341463414637,0.4375,0.3835616438356164,0.7352941176470589,0.27711468604047745,0.61875,0.3598480488085645,0.33613445378151263
Gradient Boosting,0.19,0.2,0.8,0.32,0.7521865889212828,0.3409090909090909,0.46875,0.39473684210526316,0.7294117647058823,0.27045454545454545,0.634375,0.35736842105263156,0.32
Gradient Boosting,0.26,0.21505376344086022,0.8,0.3389830508474576,0.7725947521865889,0.3375,0.421875,0.375,0.7352941176470589,0.27627688172043013,0.6109375,0.3569915254237288,0.3389830508474576
Gradient Boosting,0.18000000000000002,0.19607843137254902,0.8,0.31496062992125984,0.7463556851311953,0.3333333333333333,0.46875,0.38961038961038963,0.7235294117647059,0.2647058823529412,0.634375,0.35228550976582473,0.31496062992125984
Gradient Boosting,0.37,0.24285714285714285,0.68,0.35789473684210527,0.8221574344023324,0.3492063492063492,0.34375,0.3464566929133858,0.7558823529411764,0.29603174603174603,0.5118750000000001,0.35217571487774557,0.3464566929133858
Gradient Boosting,0.49,0.2857142857142857,0.64,0.3950617283950617,0.8571428571428571,0.3695652173913043,0.265625,0.3090909090909091,0.7764705882352941,0.327639751552795,0.4528125,0.3520763187429854,0.3090909090909091
Gradient Boosting,0.45,0.265625,0.68,0.38202247191011235,0.8396501457725948,0.375,0.28125,0.32142857142857145,0.7764705882352941,0.3203125,0.480625,0.3517255216693419,0.32142857142857145
Gradient Boosting,0.17,0.1941747572815534,0.8,0.3125,0.7434402332361516,0.3263157894736842,0.484375,0.389937106918239,0.7147058823529412,0.2602452733776188,0.6421875,0.3512185534591195,0.3125
Gradient Boosting,0.47000000000000003,0.2786885245901639,0.68,0.3953488372093023,0.8483965014577259,0.3617021276595745,0.265625,0.3063063063063063,0.7735294117647059,0.32019532612486923,0.4728125,0.3508275717578043,0.3063063063063063
Gradient Boosting,0.4,0.2463768115942029,0.68,0.3617021276595745,0.8250728862973761,0.37037037037037035,0.3125,0.3389830508474576,0.7705882352941177,0.3083735909822866,0.49625,0.350342589253516,0.3389830508474576
Gradient Boosting,0.41000000000000003,0.2463768115942029,0.68,0.3617021276595745,0.8250728862973761,0.37037037037037035,0.3125,0.3389830508474576,0.7705882352941177,0.3083735909822866,0.49625,0.350342589253516,0.3389830508474576
Gradient Boosting,0.43,0.2537313432835821,0.68,0.3695652173913043,0.8309037900874635,0.37254901960784315,0.296875,0.33043478260869563,0.7735294117647059,0.31314018144571265,0.4884375,0.35,0.33043478260869563
Gradient Boosting,0.38,0.24285714285714285,0.68,0.35789473684210527,0.8221574344023324,0.3559322033898305,0.328125,0.34146341463414637,0.7617647058823529,0.29939467312348667,0.5040625000000001,0.34967907573812584,0.34146341463414637
Gradient Boosting,0.48000000000000004,0.2807017543859649,0.64,0.3902439024390244,0.8542274052478134,0.3695652173913043,0.265625,0.3090909090909091,0.7764705882352941,0.3251334858886346,0.4528125,0.34966740576496674,0.3090909090909091
Gradient Boosting,0.46,0.27419354838709675,0.68,0.39080459770114945,0.8454810495626822,0.3617021276595745,0.265625,0.3063063063063063,0.7735294117647059,0.3179478380233356,0.4728125,0.34855545200372784,0.3063063063063063
Gradient Boosting,0.51,0.2727272727272727,0.6,0.375,0.8542274052478134,0.40476190476190477,0.265625,0.32075471698113206,0.788235294117647,0.33874458874458874,0.4328125,0.347877358490566,0.32075471698113206
Gradient Boosting,0.16,0.19230769230769232,0.8,0.31007751937984496,0.7405247813411079,0.31958762886597936,0.484375,0.38509316770186336,0.7088235294117647,0.2559476605868358,0.6421875,0.34758534354085413,0.31007751937984496
Gradient Boosting,0.34,0.2236842105263158,0.68,0.33663366336633666,0.8046647230320699,0.34285714285714286,0.375,0.3582089552238806,0.7470588235294118,0.28327067669172934,0.5275000000000001,0.3474213092951086,0.33663366336633666
Gradient Boosting,0.36000000000000004,0.2361111111111111,0.68,0.35051546391752575,0.8163265306122449,0.34375,0.34375,0.34375,0.7529411764705882,0.2899305555555556,0.5118750000000001,0.3471327319587629,0.34375
Gradient Boosting,0.27,0.2087912087912088,0.76,0.3275862068965517,0.7725947521865889,0.3333333333333333,0.40625,0.36619718309859156,0.7352941176470589,0.27106227106227104,0.583125,0.34689169499757166,0.3275862068965517
Gradient Boosting,0.15000000000000002,0.19230769230769232,0.8,0.31007751937984496,0.7405247813411079,0.3163265306122449,0.484375,0.38271604938271603,0.7058823529411765,0.2543171114599686,0.6421875,0.3463967843812805,0.31007751937984496
Gradient Boosting,0.42000000000000004,0.25,0.68,0.3655913978494624,0.8279883381924198,0.3584905660377358,0.296875,0.3247863247863248,0.7676470588235295,0.3042452830188679,0.4884375,0.3451888613178936,0.3247863247863248
Gradient Boosting,0.39,0.2463768115942029,0.68,0.3617021276595745,0.8250728862973761,0.3448275862068966,0.3125,0.32786885245901637,0.7588235294117647,0.29560219890054973,0.49625,0.34478549005929543,0.32786885245901637
Gradient Boosting,0.44,0.25757575757575757,0.68,0.37362637362637363,0.8338192419825073,0.36,0.28125,0.3157894736842105,0.7705882352941177,0.3087878787878788,0.480625,0.34470792365529207,0.3157894736842105
Gradient Boosting,0.5,0.2727272727272727,0.6,0.375,0.8542274052478134,0.37777777777777777,0.265625,0.3119266055045872,0.7794117647058824,0.32525252525252524,0.4328125,0.3434633027522936,0.3119266055045872
Gradient Boosting,0.13,0.18867924528301888,0.8,0.3053435114503817,0.7346938775510204,0.3076923076923077,0.5,0.38095238095238093,0.6941176470588235,0.2481857764876633,0.65,0.34314794620138134,0.3053435114503817
Gradient Boosting,0.52,0.2641509433962264,0.56,0.358974358974359,0.8542274052478134,0.425,0.265625,0.3269230769230769,0.7941176470588235,0.3445754716981132,0.4128125,0.34294871794871795,0.3269230769230769
Gradient Boosting,0.35000000000000003,0.22972972972972974,0.68,0.3434343434343434,0.8104956268221575,0.3333333333333333,0.34375,0.3384615384615385,0.7470588235294118,0.28153153153153154,0.5118750000000001,0.34094794094794095,0.3384615384615385
Gradient Boosting,0.33,0.21518987341772153,0.68,0.3269230769230769,0.7959183673469388,0.3287671232876712,0.375,0.35036496350364965,0.7382352941176471,0.2719784983526964,0.5275000000000001,0.33864402021336326,0.3269230769230769
Gradient Boosting,0.53,0.26,0.52,0.3466666666666667,0.8571428571428571,0.4358974358974359,0.265625,0.3300970873786408,0.7970588235294118,0.34794871794871796,0.3928125,0.33838187702265377,0.3300970873786408
Gradient Boosting,0.14,0.18867924528301888,0.8,0.3053435114503817,0.7346938775510204,0.30097087378640774,0.484375,0.3712574850299401,0.6911764705882353,0.2448250595347133,0.6421875,0.3383004982401609,0.3053435114503817
Gradient Boosting,0.12,0.18181818181818182,0.8,0.2962962962962963,0.7230320699708455,0.3047619047619048,0.5,0.378698224852071,0.6911764705882353,0.2432900432900433,0.65,0.3374972605741836,0.2962962962962963
Gradient Boosting,0.11,0.17699115044247787,0.8,0.2898550724637681,0.7142857142857143,0.3055555555555556,0.515625,0.38372093023255816,0.6882352941176471,0.24127335299901673,0.6578125,0.3367880013481631,0.2898550724637681
Gradient Boosting,0.09999999999999999,0.17543859649122806,0.8,0.28776978417266186,0.7113702623906706,0.3008849557522124,0.53125,0.384180790960452,0.6794117647058824,0.23816177612172024,0.665625,0.3359752875665569,0.28776978417266186
Gradient Boosting,0.54,0.2653061224489796,0.52,0.35135135135135137,0.8600583090379009,0.43243243243243246,0.25,0.31683168316831684,0.7970588235294118,0.34886927744070606,0.385,0.3340915172598341,0.31683168316831684
Gradient Boosting,0.32,0.2073170731707317,0.68,0.3177570093457944,0.7871720116618076,0.3287671232876712,0.375,0.35036496350364965,0.7382352941176471,0.26804209822920144,0.5275000000000001,0.33406098642472204,0.3177570093457944
Gradient Boosting,0.29000000000000004,0.20689655172413793,0.72,0.32142857142857145,0.7784256559766763,0.3157894736842105,0.375,0.34285714285714286,0.7294117647058823,0.2613430127041742,0.5475,0.3321428571428572,0.32142857142857145
Gradient Boosting,0.31,0.20238095238095238,0.68,0.3119266055045872,0.7813411078717201,0.3287671232876712,0.375,0.35036496350364965,0.7382352941176471,0.26557403783431177,0.5275000000000001,0.3311457845041184,0.3119266055045872
Gradient Boosting,0.09,0.17094017094017094,0.8,0.28169014084507044,0.7026239067055393,0.29310344827586204,0.53125,0.37777777777777777,0.6705882352941176,0.2320218096080165,0.665625,0.32973395931142413,0.28169014084507044
Gradient Boosting,0.28,0.2,0.72,0.3130434782608696,0.7696793002915452,0.3157894736842105,0.375,0.34285714285714286,0.7294117647058823,0.2578947368421053,0.5475,0.32795031055900625,0.3130434782608696
Gradient Boosting,0.3,0.2,0.68,0.3090909090909091,0.7784256559766763,0.32,0.375,0.34532374100719426,0.7323529411764705,0.26,0.5275000000000001,0.3272073250490517,0.3090909090909091
Gradient Boosting,0.08,0.16,0.8,0.26666666666666666,0.6793002915451894,0.2916666666666667,0.546875,0.3804347826086957,0.6647058823529411,0.22583333333333333,0.6734375,0.3235507246376812,0.26666666666666666
Gradient Boosting,0.55,0.2708333333333333,0.52,0.3561643835616438,0.8629737609329446,0.4117647058823529,0.21875,0.2857142857142857,0.7941176470588235,0.34129901960784315,0.369375,0.32093933463796476,0.2857142857142857
Gradient Boosting,0.05,0.1564625850340136,0.92,0.26744186046511625,0.6326530612244898,0.27692307692307694,0.5625,0.3711340206185567,0.6411764705882353,0.21669283097854528,0.74125,0.3192879405418365,0.26744186046511625
Gradient Boosting,0.060000000000000005,0.15942028985507245,0.88,0.26993865030674846,0.6530612244897959,0.2777777777777778,0.546875,0.3684210526315789,0.6470588235294118,0.21859903381642512,0.7134375,0.3191798514691637,0.26993865030674846
Gradient Boosting,0.04,0.15384615384615385,0.96,0.26519337016574585,0.6122448979591837,0.2676056338028169,0.59375,0.36893203883495146,0.6176470588235294,0.21072589382448537,0.776875,0.3170627045003487,0.26519337016574585
Gradient Boosting,0.06999999999999999,0.15625,0.8,0.26143790849673204,0.6705539358600583,0.28225806451612906,0.546875,0.3723404255319149,0.6529411764705882,0.21925403225806453,0.6734375,0.31688916701432346,0.26143790849673204
Gradient Boosting,0.6,0.2857142857142857,0.4,0.3333333333333333,0.8833819241982507,0.4375,0.21875,0.2916666666666667,0.8,0.36160714285714285,0.309375,0.3125,0.2916666666666667
Gradient Boosting,0.5800000000000001,0.2682926829268293,0.44,0.3333333333333333,0.8717201166180758,0.42424242424242425,0.21875,0.28865979381443296,0.7970588235294118,0.3462675535846268,0.329375,0.31099656357388317,0.28865979381443296
Gradient Boosting,0.61,0.30303030303030304,0.4,0.3448275862068966,0.8892128279883382,0.43333333333333335,0.203125,0.2765957446808511,0.8,0.36818181818181817,0.3015625,0.31071166544387385,0.2765957446808511
Gradient Boosting,0.56,0.2553191489361702,0.48,0.3333333333333333,0.8600583090379009,0.4117647058823529,0.21875,0.2857142857142857,0.7941176470588235,0.3335419274092616,0.349375,0.30952380952380953,0.2857142857142857
Gradient Boosting,0.03,0.14285714285714285,0.96,0.24870466321243523,0.577259475218659,0.25477707006369427,0.625,0.36199095022624433,0.5852941176470589,0.19881710646041856,0.7925,0.3053478067193398,0.24870466321243523
Gradient Boosting,0.5700000000000001,0.25,0.44,0.3188405797101449,0.8629737609329446,0.42424242424242425,0.21875,0.28865979381443296,0.7970588235294118,0.33712121212121215,0.329375,0.30375018676228893,0.28865979381443296
Gradient Boosting,0.59,0.2564102564102564,0.4,0.3125,0.8717201166180758,0.4375,0.21875,0.2916666666666667,0.8,0.3469551282051282,0.309375,0.30208333333333337,0.2916666666666667
Gradient Boosting,0.63,0.3225806451612903,0.4,0.35714285714285715,0.8950437317784257,0.39285714285714285,0.171875,0.2391304347826087,0.7941176470588235,0.3577188940092166,0.2859375,0.2981366459627329,0.2391304347826087
Gradient Boosting,0.64,0.3225806451612903,0.4,0.35714285714285715,0.8950437317784257,0.39285714285714285,0.171875,0.2391304347826087,0.7941176470588235,0.3577188940092166,0.2859375,0.2981366459627329,0.2391304347826087
Gradient Boosting,0.62,0.3125,0.4,0.3508771929824561,0.892128279883382,0.39285714285714285,0.171875,0.2391304347826087,0.7941176470588235,0.3526785714285714,0.2859375,0.2950038138825324,0.2391304347826087
Gradient Boosting,0.66,0.3333333333333333,0.4,0.36363636363636365,0.8979591836734694,0.37037037037037035,0.15625,0.21978021978021978,0.7911764705882353,0.35185185185185186,0.278125,0.2917082917082917,0.21978021978021978
Gradient Boosting,0.02,0.13114754098360656,0.96,0.23076923076923078,0.5335276967930029,0.24,0.65625,0.3514644351464435,0.5441176470588235,0.1855737704918033,0.808125,0.29111683295783713,0.23076923076923078
Gradient Boosting,0.7100000000000001,0.38461538461538464,0.4,0.39215686274509803,0.9096209912536443,0.36363636363636365,0.125,0.18604651162790697,0.7941176470588235,0.37412587412587417,0.2625,0.28910168718650253,0.18604651162790697
Gradient Boosting,0.65,0.3225806451612903,0.4,0.35714285714285715,0.8950437317784257,0.37037037037037035,0.15625,0.21978021978021978,0.7911764705882353,0.34647550776583036,0.278125,0.28846153846153844,0.21978021978021978
Gradient Boosting,0.7000000000000001,0.37037037037037035,0.4,0.38461538461538464,0.9067055393586005,0.34782608695652173,0.125,0.1839080459770115,0.7911764705882353,0.35909822866344604,0.2625,0.28426171529619804,0.1839080459770115
Gradient Boosting,0.67,0.3333333333333333,0.4,0.36363636363636365,0.8979591836734694,0.34615384615384615,0.140625,0.2,0.788235294117647,0.33974358974358976,0.2703125,0.28181818181818186,0.2
Gradient Boosting,0.6900000000000001,0.3448275862068966,0.4,0.37037037037037035,0.9008746355685131,0.3333333333333333,0.125,0.18181818181818182,0.788235294117647,0.3390804597701149,0.2625,0.27609427609427606,0.18181818181818182
Gradient Boosting,0.01,0.10810810810810811,0.96,0.19433198380566802,0.4198250728862974,0.2318840579710145,0.75,0.35424354243542433,0.4852941176470588,0.16999608303956132,0.855,0.27428776312054615,0.19433198380566802
Gradient Boosting,0.68,0.3333333333333333,0.4,0.36363636363636365,0.8979591836734694,0.32,0.125,0.1797752808988764,0.7852941176470588,0.32666666666666666,0.2625,0.27170582226762,0.1797752808988764
Gradient Boosting,0.78,0.5,0.32,0.3902439024390244,0.9271137026239067,0.35714285714285715,0.078125,0.1282051282051282,0.8,0.4285714285714286,0.1990625,0.2592245153220763,0.1282051282051282
Gradient Boosting,0.79,0.5,0.32,0.3902439024390244,0.9271137026239067,0.35714285714285715,0.078125,0.1282051282051282,0.8,0.4285714285714286,0.1990625,0.2592245153220763,0.1282051282051282
Gradient Boosting,0.74,0.4090909090909091,0.36,0.3829787234042553,0.9154518950437318,0.29411764705882354,0.078125,0.12345679012345678,0.7911764705882353,0.3516042780748663,0.2190625,0.25321775676385605,0.12345679012345678
Gradient Boosting,0.77,0.4444444444444444,0.32,0.37209302325581395,0.9212827988338192,0.3333333333333333,0.078125,0.12658227848101267,0.7970588235294118,0.38888888888888884,0.1990625,0.2493376508684133,0.12658227848101267
Gradient Boosting,0.73,0.391304347826087,0.36,0.375,0.9125364431486881,0.2777777777777778,0.078125,0.12195121951219512,0.788235294117647,0.3345410628019324,0.2190625,0.24847560975609756,0.12195121951219512
Gradient Boosting,0.8,0.5,0.32,0.3902439024390244,0.9271137026239067,0.3076923076923077,0.0625,0.1038961038961039,0.7970588235294118,0.40384615384615385,0.19125,0.24707000316756417,0.1038961038961039
Gradient Boosting,0.76,0.42105263157894735,0.32,0.36363636363636365,0.9183673469387755,0.3333333333333333,0.078125,0.12658227848101267,0.7970588235294118,0.3771929824561403,0.1990625,0.24510932105868816,0.12658227848101267
Gradient Boosting,0.72,0.375,0.36,0.3673469387755102,0.9096209912536443,0.2631578947368421,0.078125,0.12048192771084337,0.7852941176470588,0.319078947368421,0.2190625,0.2439144332431768,0.12048192771084337
Gradient Boosting,0.75,0.42105263157894735,0.32,0.36363636363636365,0.9183673469387755,0.29411764705882354,0.078125,0.12345679012345678,0.7911764705882353,0.35758513931888547,0.1990625,0.24354657687991021,0.12345679012345678
Gradient Boosting,0.81,0.5384615384615384,0.28,0.3684210526315789,0.9300291545189504,0.3076923076923077,0.0625,0.1038961038961039,0.7970588235294118,0.4230769230769231,0.17125,0.2361585782638414,0.1038961038961039
Gradient Boosting,0.8300000000000001,0.5454545454545454,0.24,0.3333333333333333,0.9300291545189504,0.3076923076923077,0.0625,0.1038961038961039,0.7970588235294118,0.42657342657342656,0.15125,0.2186147186147186,0.1038961038961039
Gradient Boosting,0.8400000000000001,0.5454545454545454,0.24,0.3333333333333333,0.9300291545189504,0.3076923076923077,0.0625,0.1038961038961039,0.7970588235294118,0.42657342657342656,0.15125,0.2186147186147186,0.1038961038961039
Gradient Boosting,0.85,0.5454545454545454,0.24,0.3333333333333333,0.9300291545189504,0.3076923076923077,0.0625,0.1038961038961039,0.7970588235294118,0.42657342657342656,0.15125,0.2186147186147186,0.1038961038961039
Gradient Boosting,0.86,0.5454545454545454,0.24,0.3333333333333333,0.9300291545189504,0.3076923076923077,0.0625,0.1038961038961039,0.7970588235294118,0.42657342657342656,0.15125,0.2186147186147186,0.1038961038961039
Gradient Boosting,0.8200000000000001,0.5,0.24,0.32432432432432434,0.9271137026239067,0.3076923076923077,0.0625,0.1038961038961039,0.7970588235294118,0.40384615384615385,0.15125,0.21411021411021414,0.1038961038961039
Gradient Boosting,0.87,0.5454545454545454,0.24,0.3333333333333333,0.9300291545189504,0.2727272727272727,0.046875,0.08,0.7970588235294118,0.40909090909090906,0.1434375,0.20666666666666667,0.08
Gradient Boosting,0.89,0.6,0.24,0.34285714285714286,0.9329446064139941,0.25,0.03125,0.05555555555555555,0.8,0.425,0.135625,0.19920634920634922,0.05555555555555555
Gradient Boosting,0.88,0.6,0.24,0.34285714285714286,0.9329446064139941,0.2222222222222222,0.03125,0.0547945205479452,0.7970588235294118,0.4111111111111111,0.135625,0.19882583170254403,0.0547945205479452
Gradient Boosting,0.9,0.5555555555555556,0.2,0.29411764705882354,0.9300291545189504,0.25,0.03125,0.05555555555555555,0.8,0.4027777777777778,0.115625,0.17483660130718953,0.05555555555555555
Gradient Boosting,0.91,0.5714285714285714,0.16,0.25,0.9300291545189504,0.25,0.03125,0.05555555555555555,0.8,0.4107142857142857,0.095625,0.1527777777777778,0.05555555555555555
Gradient Boosting,0.92,0.6,0.12,0.2,0.9300291545189504,0.3333333333333333,0.015625,0.029850746268656716,0.8088235294117647,0.4666666666666667,0.0678125,0.11492537313432837,0.029850746268656716
Gradient Boosting,0.93,0.6,0.12,0.2,0.9300291545189504,0.3333333333333333,0.015625,0.029850746268656716,0.8088235294117647,0.4666666666666667,0.0678125,0.11492537313432837,0.029850746268656716
Gradient Boosting,0.9400000000000001,0.6666666666666666,0.08,0.14285714285714285,0.9300291545189504,1.0,0.015625,0.03076923076923077,0.8147058823529412,0.8333333333333333,0.0478125,0.08681318681318681,0.03076923076923077
Gradient Boosting,0.9500000000000001,0.5,0.04,0.07407407407407407,0.9271137026239067,1.0,0.015625,0.03076923076923077,0.8147058823529412,0.75,0.0278125,0.05242165242165242,0.03076923076923077
Gradient Boosting,0.9600000000000001,0.0,0.0,0.0,0.924198250728863,1.0,0.015625,0.03076923076923077,0.8147058823529412,0.5,0.0078125,0.015384615384615385,0.0
Gradient Boosting,0.97,0.0,0.0,0.0,0.924198250728863,1.0,0.015625,0.03076923076923077,0.8147058823529412,0.5,0.0078125,0.015384615384615385,0.0
Gradient Boosting,0.98,0.0,0.0,0.0,0.9271137026239067,0.0,0.0,0.0,0.8117647058823529,0.0,0.0,0.0,0.0
Gradient Boosting,0.99,0.0,0.0,0.0,0.9271137026239067,0.0,0.0,0.0,0.8117647058823529,0.0,0.0,0.0,0.0
