model,params,fold_1_pr_auc,fold_2_pr_auc,mean_pr_auc,worst_fold_pr_auc
Random Forest,"{""max_depth"": 5, ""max_features"": ""sqrt"", ""min_samples_leaf"": 1, ""n_estimators"": 600}",0.409271934480239,0.29468531757418653,0.35197862602721275,0.29468531757418653
Random Forest,"{""max_depth"": 5, ""max_features"": ""sqrt"", ""min_samples_leaf"": 1, ""n_estimators"": 300}",0.400196273158269,0.2935825713493948,0.3468894222538319,0.2935825713493948
Random Forest,"{""max_depth"": 10, ""max_features"": ""sqrt"", ""min_samples_leaf"": 1, ""n_estimators"": 600}",0.41718633879157646,0.27101775602320194,0.3441020474073892,0.27101775602320194
Random Forest,"{""max_depth"": 5, ""max_features"": ""sqrt"", ""min_samples_leaf"": 3, ""n_estimators"": 600}",0.39161006567811485,0.29568630475418994,0.34364818521615237,0.29568630475418994
Random Forest,"{""max_depth"": 5, ""max_features"": ""sqrt"", ""min_samples_leaf"": 3, ""n_estimators"": 300}",0.39096176410039396,0.2958959940775772,0.34342887908898556,0.2958959940775772
Random Forest,"{""max_depth"": 10, ""max_features"": ""sqrt"", ""min_samples_leaf"": 1, ""n_estimators"": 300}",0.41209232915037813,0.2695172662802131,0.3408047977152956,0.2695172662802131
Random Forest,"{""max_depth"": 10, ""max_features"": ""sqrt"", ""min_samples_leaf"": 3, ""n_estimators"": 600}",0.3898470697675041,0.2892819062689455,0.3395644880182248,0.2892819062689455
Random Forest,"{""max_depth"": null, ""max_features"": ""sqrt"", ""min_samples_leaf"": 1, ""n_estimators"": 600}",0.4124570102846049,0.26612045065441103,0.33928873046950797,0.26612045065441103
Random Forest,"{""max_depth"": null, ""max_features"": ""sqrt"", ""min_samples_leaf"": 3, ""n_estimators"": 600}",0.3889440216797343,0.2885378922211583,0.33874095695044626,0.2885378922211583
Random Forest,"{""max_depth"": 10, ""max_features"": ""sqrt"", ""min_samples_leaf"": 3, ""n_estimators"": 300}",0.3862168943968972,0.2903555641909469,0.33828622929392205,0.2903555641909469
Random Forest,"{""max_depth"": null, ""max_features"": ""sqrt"", ""min_samples_leaf"": 3, ""n_estimators"": 300}",0.38485813140904046,0.2896058744872133,0.3372320029481269,0.2896058744872133
Random Forest,"{""max_depth"": null, ""max_features"": ""sqrt"", ""min_samples_leaf"": 1, ""n_estimators"": 300}",0.4069149544119668,0.2662385784413931,0.33657676642667994,0.2662385784413931
Random Forest,"{""max_depth"": 5, ""max_features"": ""sqrt"", ""min_samples_leaf"": 5, ""n_estimators"": 300}",0.3706748668432013,0.2968121268270646,0.33374349683513294,0.2968121268270646
Random Forest,"{""max_depth"": 5, ""max_features"": ""sqrt"", ""min_samples_leaf"": 5, ""n_estimators"": 600}",0.3670586288698512,0.29703457574283776,0.3320466023063445,0.29703457574283776
Random Forest,"{""max_depth"": 5, ""max_features"": ""sqrt"", ""min_samples_leaf"": 10, ""n_estimators"": 300}",0.3702795284134727,0.2921065756458939,0.3311930520296833,0.2921065756458939
Random Forest,"{""max_depth"": null, ""max_features"": ""sqrt"", ""min_samples_leaf"": 5, ""n_estimators"": 600}",0.37017872360133236,0.29092282163052874,0.3305507726159306,0.29092282163052874
Random Forest,"{""max_depth"": 5, ""max_features"": ""sqrt"", ""min_samples_leaf"": 10, ""n_estimators"": 600}",0.36961186505413635,0.2914614032201267,0.3305366341371315,0.2914614032201267
Random Forest,"{""max_depth"": 10, ""max_features"": ""sqrt"", ""min_samples_leaf"": 5, ""n_estimators"": 600}",0.3708495253624811,0.28991805240190593,0.33038378888219355,0.28991805240190593
Random Forest,"{""max_depth"": 10, ""max_features"": ""sqrt"", ""min_samples_leaf"": 5, ""n_estimators"": 300}",0.3697141226090667,0.29032734339590377,0.33002073300248524,0.29032734339590377
Random Forest,"{""max_depth"": null, ""max_features"": ""sqrt"", ""min_samples_leaf"": 5, ""n_estimators"": 300}",0.36995676832868013,0.2895824900061883,0.32976962916743424,0.2895824900061883
Random Forest,"{""max_depth"": 5, ""max_features"": 0.7, ""min_samples_leaf"": 1, ""n_estimators"": 600}",0.37327409954897195,0.2859994768297596,0.3296367881893658,0.2859994768297596
Random Forest,"{""max_depth"": 10, ""max_features"": ""sqrt"", ""min_samples_leaf"": 10, ""n_estimators"": 600}",0.3745160709003054,0.28466081993111986,0.32958844541571264,0.28466081993111986
Random Forest,"{""max_depth"": null, ""max_features"": ""sqrt"", ""min_samples_leaf"": 10, ""n_estimators"": 600}",0.3745160709003054,0.2844445299323293,0.3294803004163174,0.2844445299323293
Random Forest,"{""max_depth"": 10, ""max_features"": ""sqrt"", ""min_samples_leaf"": 10, ""n_estimators"": 300}",0.37238890817851045,0.28574502812090574,0.3290669681497081,0.28574502812090574
Random Forest,"{""max_depth"": null, ""max_features"": ""sqrt"", ""min_samples_leaf"": 10, ""n_estimators"": 300}",0.37238890817851045,0.2856993267133131,0.3290441174459118,0.2856993267133131
Random Forest,"{""max_depth"": 5, ""max_features"": 0.7, ""min_samples_leaf"": 1, ""n_estimators"": 300}",0.3664628652257662,0.28582521806966954,0.3261440416477179,0.28582521806966954
Random Forest,"{""max_depth"": 5, ""max_features"": 0.7, ""min_samples_leaf"": 3, ""n_estimators"": 600}",0.3491599736669456,0.2964349189541017,0.32279744631052365,0.2964349189541017
Random Forest,"{""max_depth"": 10, ""max_features"": 0.7, ""min_samples_leaf"": 3, ""n_estimators"": 300}",0.35423307523686404,0.2814405135307621,0.31783679438381307,0.2814405135307621
Random Forest,"{""max_depth"": 10, ""max_features"": 0.7, ""min_samples_leaf"": 1, ""n_estimators"": 600}",0.37625002637361815,0.2592627188597155,0.31775637261666684,0.2592627188597155
Random Forest,"{""max_depth"": 10, ""max_features"": 0.7, ""min_samples_leaf"": 3, ""n_estimators"": 600}",0.3527575471089153,0.282357777287752,0.3175576621983337,0.282357777287752
Random Forest,"{""max_depth"": null, ""max_features"": 0.7, ""min_samples_leaf"": 3, ""n_estimators"": 600}",0.3532179085460248,0.28129367313707254,0.31725579084154865,0.28129367313707254
Random Forest,"{""max_depth"": null, ""max_features"": 0.7, ""min_samples_leaf"": 3, ""n_estimators"": 300}",0.35358658206873034,0.279913637820863,0.3167501099447967,0.279913637820863
Random Forest,"{""max_depth"": 10, ""max_features"": 0.7, ""min_samples_leaf"": 1, ""n_estimators"": 300}",0.37412892642035167,0.25919413389769463,0.31666153015902315,0.25919413389769463
Random Forest,"{""max_depth"": 5, ""max_features"": 0.7, ""min_samples_leaf"": 5, ""n_estimators"": 300}",0.34078864466805003,0.2915093949785511,0.31614901982330057,0.2915093949785511
Random Forest,"{""max_depth"": null, ""max_features"": 0.7, ""min_samples_leaf"": 1, ""n_estimators"": 600}",0.37582672845604437,0.25608160827128784,0.3159541683636661,0.25608160827128784
Random Forest,"{""max_depth"": 5, ""max_features"": 0.7, ""min_samples_leaf"": 3, ""n_estimators"": 300}",0.3371406824510622,0.29467190153349715,0.3159062919922797,0.29467190153349715
Random Forest,"{""max_depth"": null, ""max_features"": 0.7, ""min_samples_leaf"": 5, ""n_estimators"": 300}",0.34749290271938804,0.28083657726801153,0.31416473999369976,0.28083657726801153
Random Forest,"{""max_depth"": 10, ""max_features"": 0.7, ""min_samples_leaf"": 5, ""n_estimators"": 300}",0.3475195693860547,0.28056980186603886,0.3140446856260468,0.28056980186603886
Random Forest,"{""max_depth"": null, ""max_features"": 0.7, ""min_samples_leaf"": 1, ""n_estimators"": 300}",0.3685337887738881,0.255104830770149,0.31181930977201855,0.255104830770149
Random Forest,"{""max_depth"": 5, ""max_features"": 0.7, ""min_samples_leaf"": 5, ""n_estimators"": 600}",0.33127628622274286,0.29231241777242095,0.3117943519975819,0.29231241777242095
Random Forest,"{""max_depth"": null, ""max_features"": 0.7, ""min_samples_leaf"": 5, ""n_estimators"": 600}",0.3376488204172503,0.28204298952599,0.3098459049716201,0.28204298952599
Random Forest,"{""max_depth"": 10, ""max_features"": 0.7, ""min_samples_leaf"": 5, ""n_estimators"": 600}",0.3376777942603087,0.28162906279501365,0.3096534285276612,0.28162906279501365
Random Forest,"{""max_depth"": 5, ""max_features"": 0.7, ""min_samples_leaf"": 10, ""n_estimators"": 300}",0.320475471800427,0.29312921102036216,0.3068023414103946,0.29312921102036216
Random Forest,"{""max_depth"": 5, ""max_features"": 0.7, ""min_samples_leaf"": 10, ""n_estimators"": 600}",0.31803277518297823,0.2938498257738306,0.3059413004784044,0.2938498257738306
Random Forest,"{""max_depth"": 10, ""max_features"": 0.7, ""min_samples_leaf"": 10, ""n_estimators"": 300}",0.3186722532869184,0.28973207822489,0.3042021657559042,0.28973207822489
Random Forest,"{""max_depth"": null, ""max_features"": 0.7, ""min_samples_leaf"": 10, ""n_estimators"": 300}",0.3186722532869184,0.28969530677341326,0.30418378003016583,0.28969530677341326
Random Forest,"{""max_depth"": 10, ""max_features"": 0.7, ""min_samples_leaf"": 10, ""n_estimators"": 600}",0.31714514004908156,0.2895977957023744,0.303371467875728,0.2895977957023744
Random Forest,"{""max_depth"": null, ""max_features"": 0.7, ""min_samples_leaf"": 10, ""n_estimators"": 600}",0.31714514004908156,0.28955679672679396,0.30335096838793774,0.28955679672679396
