StoreID,snapshot,churn,churn_probability,predicted_churn,result_type,recency_days,n_orders_12m,revenue_12m,n_orders_6m,n_orders_3m,revenue_6m,revenue_3m,mean_gap,std_gap,overdue_ratio,has_previous_6m_revenue,revenue_trend,share_bikes,share_components,share_clothing,share_accessories,store_age
1364,2013-04-01,1,0.9739918267085466,1,TP_detected_churn,153,3,5940.6907,1,0,44.994,0.0,91.5,0.7071067811865476,1.6721311475409837,1,-4.853636638546657,0.9420572089370012,0.0340586659392989,0.0238841251236998,0.0,41
726,2013-04-01,1,0.9170008308193702,1,TP_detected_churn,153,3,2270.6447,1,0,107.2672,0.0,91.5,0.7071067811865476,1.6721311475409837,1,-2.995285824508225,0.3852623882547543,0.5103443088211908,0.0599422710210892,0.0444510319029657,41
1876,2013-04-01,1,0.8746908661066026,1,TP_detected_churn,153,3,2376.0274,1,0,635.8102,0.0,91.5,0.7071067811865476,1.6721311475409837,1,-1.0058680358844088,0.0,1.0,0.0,0.0,13
1062,2013-04-01,1,0.8668647545298122,1,TP_detected_churn,153,2,667.8299999999999,1,0,198.036,0.0,91.0,,1.6813186813186811,1,-0.8609349181539763,0.703463456268811,0.2965365437311891,0.0,0.0,16
1288,2013-04-01,1,0.7949773437206881,1,TP_detected_churn,153,1,202.332,1,0,202.332,0.0,,,,0,,0.0,1.0,0.0,0.0,20
694,2013-04-01,1,0.7159903440985242,1,TP_detected_churn,63,3,19377.5783,1,1,183.9382,183.9382,136.5,62.932503525602726,0.4615384615384615,1,-4.642364642368941,0.8906447251976786,0.0925688428259376,0.0105359605229926,0.006250471453391,33
336,2013-04-01,1,0.7114939301227585,1,TP_detected_churn,2,1,149.031,1,1,149.031,149.031,,,,0,,0.0,1.0,0.0,0.0,13
920,2013-04-01,1,0.7104348230228826,1,TP_detected_churn,91,1,22.794,1,0,22.794,0.0,,,,0,,0.0,0.0,1.0,0.0,30
418,2013-04-01,1,0.6736737999008574,1,TP_detected_churn,91,3,1892.5972,1,0,209.256,0.0,92.0,0.0,0.9891304347826086,1,-2.080803951204386,0.0,0.9879562328423608,0.0120437671576392,0.0,26
1112,2013-04-01,1,0.6619473444971844,1,TP_detected_churn,91,2,1439.1808,1,0,1242.8518,0.0,184.0,,0.4945652173913043,1,1.8410957478542416,0.8635828104432742,0.1364171895567256,0.0,0.0,15
1824,2013-04-01,1,0.641333000771976,1,TP_detected_churn,2,2,939.588,2,1,939.588,469.794,89.0,,0.0224719101123595,0,,1.0,0.0,0.0,0.0,37
1806,2013-04-01,1,0.6192505707477405,1,TP_detected_churn,2,2,2472.3107,2,1,2472.3107,1229.4589,89.0,,0.0224719101123595,0,,1.0,0.0,0.0,0.0,30
304,2013-04-01,1,0.6170052991182406,1,TP_detected_churn,63,3,6587.3763,2,1,4474.8368,405.585,90.5,0.7071067811865476,0.6961325966850829,1,0.750329298431077,0.3753103796423471,0.6177691108977637,0.0069205094598892,0.0,23
698,2013-04-01,1,0.6051221536499785,1,TP_detected_churn,32,2,5537.0835,1,1,4228.146,4228.146,274.0,,0.1167883211678832,1,1.1720206552712078,1.0,0.0,0.0,0.0,21
1148,2013-04-01,1,0.5409768737930687,1,TP_detected_churn,63,2,2147.6296,1,1,469.794,469.794,273.0,,0.2307692307692307,1,-1.271435105817832,1.0,0.0,0.0,0.0,42
1106,2013-04-01,1,0.540184099577098,1,TP_detected_churn,63,2,714.5072,2,1,714.5072,648.9054,90.0,,0.7,0,,0.0,1.0,0.0,0.0,43
1952,2013-04-01,1,0.5377504317578874,1,TP_detected_churn,122,2,58.069,1,0,33.7745,0.0,184.0,,0.6630434782608695,1,0.3182973787647087,0.0,1.0,0.0,0.0,26
1270,2013-04-01,1,0.45848167762035086,1,TP_detected_churn,91,3,1396.9077,1,0,263.25,0.0,92.0,0.0,0.9891304347826086,1,-1.457190673775898,0.0,0.961347482013307,0.038652517986693,0.0,40
1172,2013-04-01,1,0.4319270881460491,1,TP_detected_churn,63,1,67.539,1,1,67.539,67.539,,,,0,,0.0,1.0,0.0,0.0,43
836,2013-04-01,1,0.4198667175241299,1,TP_detected_churn,63,2,1805.454,2,1,1805.454,396.072,90.0,,0.7,0,,0.7806247071373739,0.2193752928626262,0.0,0.0,15
1280,2013-04-01,1,0.38310630623953845,1,TP_detected_churn,2,3,732.126,1,1,45.0,45.0,136.5,62.932503525602726,0.0146520146520146,1,-2.7053305642111347,0.6416846280558265,0.2763622655116742,0.0,0.0819531064324993,26
430,2013-04-01,1,0.37602961370268595,1,TP_detected_churn,32,1,249.54,1,1,249.54,249.54,,,,0,,0.0,1.0,0.0,0.0,13
1458,2013-04-01,1,0.3484024076907087,1,TP_detected_churn,2,4,6205.746,2,1,1544.46,604.872,91.0,1.7320508075688772,0.0219780219780219,1,-1.104184285129877,0.9084367939003626,0.0915632060996373,0.0,0.0,29
872,2013-04-01,1,0.34186248683853176,1,TP_detected_churn,63,3,2502.2318,2,1,2481.7118,22.794,90.5,0.7071067811865476,0.6961325966850829,1,4.748123974206981,0.982689853114328,0.0082006790897629,0.0091094677959092,0.0,15
1862,2013-04-01,1,0.2721631194282917,1,TP_detected_churn,32,3,4709.2784,1,1,2932.02,2932.02,137.0,63.63961030678928,0.2335766423357664,1,0.5003981505631785,0.9218826391746132,0.0781173608253867,0.0,0.0,27
820,2013-04-01,1,0.27185037762587216,1,TP_detected_churn,32,4,3369.444,2,1,2617.875,1308.9375,91.33333333333331,1.1547005383792497,0.3503649635036496,1,1.247007428456656,0.9163734432149636,0.0836265567850363,0.0,0.0,23
1964,2013-04-01,1,0.26615501995032054,1,TP_detected_churn,32,4,5615.5794000000005,2,1,2867.7909,968.4284,91.33333333333331,1.1547005383792497,0.3503649635036496,1,0.0427303826504212,0.9488293407444296,0.0360304762140839,0.0115454515699662,0.0035947314715201,21
1372,2013-04-01,1,0.2572800051492471,1,TP_detected_churn,32,4,20521.0917,2,1,7114.449,2886.303,91.33333333333331,1.1547005383792497,0.3503649635036496,1,-0.6335565594504136,0.9626601736787715,0.0373398263212283,0.0,0.0,17
1960,2013-04-01,1,0.24522657781056875,1,TP_detected_churn,63,2,4055.0323,2,1,4055.0323,2525.4469,90.0,,0.7,0,,0.622793288231021,0.377206711768979,0.0,0.0,33
1416,2013-04-01,1,0.24086709273928522,1,TP_detected_churn,2,4,1772.4316,2,1,648.9054,324.4527,91.0,1.7320508075688772,0.0219780219780219,1,-0.5482902565356609,0.5301124173141576,0.4698875826858424,0.0,0.0,33
