feature,detected_median,missed_median,difference_missed_minus_detected,detected_missing,missed_missing,absolute_difference
revenue_12m,2020.1134000000002,69918.3326,67898.21919999999,0.0,0.0,67898.21919999999
revenue_6m,642.3578,29746.1581,29103.8003,0.0,0.0,29103.8003
revenue_3m,216.7391,17680.04645,17463.307350000003,0.0,0.0,17463.307350000003
recency_days,63.0,2.0,-61.0,0.0,0.0,61.0
n_orders_12m,2.5,4.0,1.5,0.0,0.0,1.5
n_orders_6m,1.0,2.0,1.0,0.0,0.0,1.0
store_age,26.0,25.0,-1.0,0.0,0.0,1.0
std_gap,1.1547005383792497,1.7320508075688772,0.5773502691896275,0.5,0.029411764705882353,0.5773502691896275
revenue_trend,-0.7472457388021949,-0.24896632559396892,0.498279413208226,0.3333333333333333,0.0,0.498279413208226
overdue_ratio,0.4945652173913043,0.0219780219780219,-0.4725871954132824,0.16666666666666666,0.0,0.4725871954132824
mean_gap,91.33333333333331,91.0,-0.3333333333333144,0.16666666666666666,0.0,0.3333333333333144
share_components,0.2478687791871502,0.1177667918287198,-0.1301019873584304,0.0,0.0,0.1301019873584304
share_bikes,0.6725740421623188,0.7917259750159332,0.11915193285361447,0.0,0.0,0.11915193285361447
share_clothing,0.0,0.0430447343587618,0.0430447343587618,0.0,0.0,0.0430447343587618
share_accessories,0.0,0.00384920086976905,0.00384920086976905,0.0,0.0,0.00384920086976905
n_orders_3m,1.0,1.0,0.0,0.0,0.0,0.0
has_previous_6m_revenue,1.0,1.0,0.0,0.0,0.0,0.0
