StoreID,SalesPersonID,AnnualSales,AnnualRevenue,BusinessType,YearOpened,Specialty,SquareFeet,Brands,Internet,NumberEmployees
292,279,800000.00,80000.00,BM,1996,Mountain,21000,2,ISDN,13
294,276,800000.00,80000.00,BM,1991,Touring,18000,4+,T1,14
296,277,800000.00,80000.00,BM,1999,Road,21000,2,DSL,15
298,275,800000.00,80000.00,BM,1994,Mountain,18000,2,DSL,16
300,286,800000.00,80000.00,BM,1987,Touring,21000,4+,DSL,17
302,281,300000.00,30000.00,BM,1982,Road,9000,AW,T2,8
304,283,300000.00,30000.00,BM,1990,Mountain,7000,AW,T1,9
306,275,800000.00,80000.00,BM,1985,Mountain,17000,4+,DSL,10
308,277,3000000.00,300000.00,OS,1979,Mountain,72000,4+,DSL,66
310,279,1500000.00,150000.00,OS,1974,Road,39000,4+,T1,40
312,282,1500000.00,150000.00,OS,1980,Mountain,41000,4+,DSL,43
314,288,1500000.00,150000.00,OS,1986,Touring,40000,4+,DSL,46
316,281,300000.00,30000.00,BM,1973,Touring,6000,2,DSL,2
318,283,300000.00,30000.00,BM,1981,Mountain,10000,4+,T3,3
320,275,300000.00,30000.00,BM,1976,Road,6000,AW,T1,4
322,288,300000.00,30000.00,BM,1984,Mountain,7000,AW,DSL,5
324,282,300000.00,30000.00,BM,1979,Mountain,9000,2,T1,6
326,279,300000.00,30000.00,BM,1987,Mountain,8000,2,DSL,7
328,275,1500000.00,150000.00,OS,1992,Touring,38000,3,ISDN,49
330,283,3000000.00,300000.00,OS,1998,Mountain,68000,3,DSL,52
332,278,800000.00,80000.00,BM,1997,Mountain,21000,3,ISDN,18
334,279,800000.00,80000.00,BM,1975,Mountain,19000,3,DSL,19
336,276,1000000.00,100000.00,BM,2000,Road,24000,2,T1,20
338,281,3000000.00,300000.00,OS,1999,Touring,73000,4+,DSL,55
340,279,3000000.00,300000.00,OS,1999,Mountain,69000,2,DSL,58
342,277,800000.00,80000.00,BM,2000,Road,18000,4+,DSL,17
344,275,800000.00,80000.00,BM,1994,Road,18000,2,DSL,14
346,282,3000000.00,300000.00,OS,1979,Road,72000,4+,T2,61
348,276,3000000.00,300000.00,OS,1999,Mountain,72000,4+,DSL,58
350,286,800000.00,80000.00,BM,1988,Touring,21000,AW,T1,11
352,279,300000.00,30000.00,BM,1978,Road,6000,4+,DSL,4
354,279,3000000.00,300000.00,OS,1979,Touring,73000,3,DSL,61
356,278,3000000.00,300000.00,OS,1996,Mountain,71000,4+,ISDN,64
358,286,3000000.00,300000.00,OS,1991,Touring,74000,3,DSL,67
360,275,3000000.00,300000.00,OS,1993,Touring,74000,4+,ISDN,70
362,279,3000000.00,300000.00,OS,1995,Mountain,75000,3,DSL,79
364,279,800000.00,80000.00,BS,1978,Road,18000,3,T1,13
366,279,1500000.00,150000.00,BS,1971,Road,37000,3,DSL,37
368,281,1500000.00,150000.00,BS,1979,Mountain,36000,4+,ISDN,38
370,276,800000.00,80000.00,BM,1988,Mountain,21000,2,DSL,16
372,277,800000.00,80000.00,BM,1982,Mountain,21000,2,DSL,14
374,277,3000000.00,300000.00,OS,1998,Touring,76000,4+,DSL,73
376,276,3000000.00,300000.00,OS,1990,Mountain,73000,4+,DSL,76
378,288,1500000.00,150000.00,BS,1988,Touring,36000,4+,DSL,35
380,282,1500000.00,150000.00,BS,1976,Touring,39000,4+,T1,36
382,275,800000.00,80000.00,BM,1976,Road,22000,4+,DSL,12
384,286,800000.00,80000.00,BM,1970,Touring,19000,3,T1,10
386,278,300000.00,30000.00,BM,1975,Road,9000,4+,DSL,8
388,276,800000.00,80000.00,BS,1972,Road,17000,3,T2,10
390,283,1000000.00,100000.00,BS,1998,Mountain,26000,3,DSL,27
392,275,1000000.00,100000.00,BS,1971,Road,25000,3,T1,28
394,279,300000.00,30000.00,BM,1970,Touring,9000,AW,T1,6
396,276,300000.00,30000.00,BM,1978,Road,10000,3,T2,4
398,277,300000.00,30000.00,BM,1973,Mountain,10000,AW,ISDN,2
400,281,1500000.00,150000.00,BS,1984,Touring,38000,4+,T1,32
402,283,1500000.00,150000.00,BS,1978,Mountain,37000,4+,ISDN,33
404,275,1500000.00,150000.00,BS,1972,Mountain,35000,2,T1,34
406,275,300000.00,30000.00,BM,1981,Mountain,8000,4+,T1,3
408,286,300000.00,30000.00,BM,1976,Touring,8000,4+,T1,4
410,286,1000000.00,100000.00,BS,1971,Touring,25000,4+,DSL,28
412,278,1000000.00,100000.00,BS,2001,Road,24000,3,DSL,29
414,279,1500000.00,150000.00,BS,1996,Mountain,37000,4+,DSL,30
416,288,800000.00,80000.00,BM,1994,Mountain,18000,3,DSL,16
418,282,800000.00,80000.00,BM,1987,Mountain,20000,3,DSL,17
420,288,1500000.00,150000.00,OS,1986,Mountain,39000,2,DSL,46
422,275,1500000.00,150000.00,OS,1992,Road,41000,4+,ISDN,49
424,275,1000000.00,100000.00,BS,1996,Touring,27000,3,DSL,22
426,286,800000.00,80000.00,BS,1990,Road,23000,2,T1,19
428,278,800000.00,80000.00,BS,1984,Mountain,20000,4+,ISDN,16
430,280,1000000.00,100000.00,BM,2000,Road,25000,4+,T1,20
432,289,800000.00,80000.00,BM,2000,Road,21000,3,DSL,17
434,290,800000.00,80000.00,BM,1994,Road,21000,4+,DSL,14
436,286,800000.00,80000.00,BM,2000,Road,21000,4+,T1,19
438,278,1000000.00,100000.00,BM,2000,Road,26000,3,T1,20
440,279,800000.00,80000.00,BM,1994,Mountain,20000,2,DSL,18
442,283,300000.00,30000.00,BM,1973,Touring,6000,AW,DSL,2
444,275,300000.00,30000.00,BM,1981,Touring,9000,AW,T1,3
446,288,300000.00,30000.00,BM,1976,Mountain,7000,4+,DSL,4
448,276,1500000.00,150000.00,BS,1990,Mountain,39000,2,DSL,31
450,277,1500000.00,150000.00,BS,1984,Touring,39000,3,DSL,32
452,275,1500000.00,150000.00,BS,1978,Road,35000,4+,DSL,33
454,275,1500000.00,150000.00,BS,1983,Road,37000,2,DSL,45
456,286,1500000.00,150000.00,BS,1991,Touring,39000,4+,DSL,46
458,281,1000000.00,100000.00,BS,1971,Road,26000,3,DSL,28
460,276,3000000.00,300000.00,OS,1972,Mountain,79000,4+,DSL,90
462,279,3000000.00,300000.00,OS,1977,Road,78000,3,DSL,91
464,278,3000000.00,300000.00,OS,1987,Touring,76000,4+,DSL,92
466,282,800000.00,80000.00,BS,1984,Mountain,21000,4+,DSL,16
468,279,800000.00,80000.00,BS,1978,Mountain,22000,2,T3,13
470,281,800000.00,80000.00,BS,1972,Touring,17000,4+,T1,10
472,283,3000000.00,300000.00,OS,1998,Mountain,72000,4+,DSL,73
474,281,3000000.00,300000.00,OS,1990,Road,75000,4+,ISDN,76
476,279,3000000.00,300000.00,OS,1995,Touring,73000,3,DSL,79
478,281,3000000.00,300000.00,OS,1978,Mountain,75000,2,DSL,86
480,279,3000000.00,300000.00,OS,1983,Touring,77000,4+,DSL,87
482,290,3000000.00,300000.00,OS,1975,Touring,77000,4+,DSL,88
484,276,1500000.00,150000.00,BS,1979,Road,39000,4+,DSL,38
486,277,1500000.00,150000.00,BS,1974,Road,36000,3,DSL,39
488,275,1500000.00,150000.00,BS,1982,Mountain,38000,2,T1,40
490,282,800000.00,80000.00,BM,1987,Touring,22000,4+,T1,17
492,281,800000.00,80000.00,BM,1997,Mountain,23000,2,DSL,18
494,277,800000.00,80000.00,BM,1975,Road,21000,4+,T2,19
496,277,1500000.00,150000.00,BS,1979,Road,36000,4+,T2,38
498,280,1500000.00,150000.00,BS,1974,Mountain,39000,2,DSL,39
500,278,1500000.00,150000.00,BS,1977,Road,40000,4+,DSL,41
502,279,1500000.00,150000.00,BS,1985,Road,37000,4+,T1,42
504,276,1500000.00,150000.00,BS,1980,Mountain,41000,4+,DSL,43
506,277,1500000.00,150000.00,BS,1988,Road,37000,4+,T1,44
508,290,1000000.00,100000.00,BM,2000,Road,25000,3,DSL,20
510,282,800000.00,80000.00,BM,1994,Mountain,22000,3,T1,18
512,278,1500000.00,150000.00,BS,1986,Road,39000,4+,DSL,47
514,279,1500000.00,150000.00,BS,1994,Road,38000,3,DSL,48
516,281,800000.00,80000.00,BM,1996,Mountain,19000,4+,DSL,13
518,283,800000.00,80000.00,BM,1991,Mountain,18000,4+,T1,14
520,275,800000.00,80000.00,BM,1999,Road,21000,4+,T1,15
522,280,3000000.00,300000.00,OS,1998,Mountain,74000,4+,ISDN,73
524,277,3000000.00,300000.00,OS,1990,Mountain,73000,2,T1,76
526,281,3000000.00,300000.00,OS,1995,Mountain,77000,2,DSL,79
528,283,1500000.00,150000.00,BS,1979,Road,36000,4+,DSL,38
530,275,1500000.00,150000.00,BS,1974,Mountain,36000,3,DSL,39
532,288,1500000.00,150000.00,BS,1982,Road,37000,4+,T1,40
534,289,3000000.00,300000.00,OS,1999,Road,79000,4+,T1,99
536,280,3000000.00,300000.00,OS,1999,Mountain,80000,3,T2,100
538,288,3000000.00,300000.00,OS,1999,Touring,77000,4+,T3,99
540,275,3000000.00,300000.00,OS,1999,Mountain,77000,4+,DSL,100
542,277,800000.00,80000.00,BS,1972,Touring,19000,3,DSL,10
544,275,1000000.00,100000.00,BS,1998,Road,24000,3,DSL,27
546,277,1000000.00,100000.00,BM,2000,Mountain,24000,2,DSL,20
548,275,800000.00,80000.00,BM,2000,Road,19000,AW,T1,17
550,286,800000.00,80000.00,BM,1994,Touring,21000,4+,ISDN,14
552,282,1500000.00,150000.00,BS,1988,Road,39000,3,DSL,35
554,279,1500000.00,150000.00,BS,1976,Touring,39000,3,DSL,36
556,281,1500000.00,150000.00,BS,1971,Road,38000,4+,DSL,37
558,283,1500000.00,150000.00,BS,1974,Road,37000,4+,DSL,39
560,275,1500000.00,150000.00,BS,1982,Mountain,39000,2,DSL,40
562,278,3000000.00,300000.00,OS,1998,Road,79000,4+,DSL,98
564,286,3000000.00,300000.00,OS,1999,Touring,78000,4+,DSL,99
566,282,300000.00,30000.00,BM,1982,Touring,10000,2,DSL,8
568,279,300000.00,30000.00,BM,1976,Mountain,6000,2,DSL,5
570,281,300000.00,30000.00,BM,1970,Mountain,10000,2,T1,2
572,281,1000000.00,100000.00,BS,1971,Mountain,28000,4+,T2,28
574,283,1000000.00,100000.00,BS,2001,Road,26000,4+,DSL,25
576,275,1000000.00,100000.00,BS,1996,Road,25000,3,DSL,22
578,288,800000.00,80000.00,BS,1990,Touring,19000,3,T3,19
580,282,3000000.00,300000.00,OS,1987,Touring,74000,4+,DSL,80
582,288,3000000.00,300000.00,OS,1992,Touring,75000,2,DSL,81
584,275,3000000.00,300000.00,OS,1984,Road,73000,4+,DSL,82
586,280,1500000.00,150000.00,BS,1983,Road,41000,4+,T1,45
588,289,1500000.00,150000.00,BS,1991,Touring,40000,4+,DSL,46
590,290,1500000.00,150000.00,BS,1986,Mountain,38000,4+,DSL,47
592,282,3000000.00,300000.00,OS,1977,Road,79000,4+,ISDN,91
594,290,3000000.00,300000.00,OS,1987,Road,78000,4+,DSL,92
596,289,3000000.00,300000.00,OS,1974,Touring,77000,4+,DSL,93
598,277,800000.00,80000.00,BM,1997,Road,19000,3,T1,17
600,280,800000.00,80000.00,BM,1975,Road,22000,2,T1,18
602,289,800000.00,80000.00,BM,2000,Road,20000,4+,DSL,19
604,275,1500000.00,150000.00,BS,1995,Road,40000,3,DSL,40
606,288,1500000.00,150000.00,BS,1995,Road,39000,3,DSL,37
608,282,1500000.00,150000.00,BS,1983,Mountain,38000,4+,DSL,34
610,279,1500000.00,150000.00,BS,1998,Mountain,37000,4+,T1,31
612,283,3000000.00,300000.00,OS,1989,Mountain,74000,3,T1,83
614,281,3000000.00,300000.00,OS,1981,Touring,74000,3,ISDN,84
616,279,3000000.00,300000.00,OS,1986,Mountain,77000,4+,T1,85
618,282,3000000.00,300000.00,OS,1978,Touring,78000,4+,DSL,86
620,279,1500000.00,150000.00,OS,1986,Mountain,37000,4+,DSL,46
622,278,1500000.00,150000.00,OS,1992,Road,40000,2,DSL,49
624,286,3000000.00,300000.00,OS,1998,Mountain,71000,4+,DSL,52
626,282,3000000.00,300000.00,OS,1987,Touring,77000,4+,DSL,80
628,290,3000000.00,300000.00,OS,1992,Mountain,73000,3,T1,81
630,281,1500000.00,150000.00,BS,1990,Touring,35000,3,T1,31
632,283,1500000.00,150000.00,BS,1984,Mountain,37000,2,T1,32
634,275,1500000.00,150000.00,BS,1978,Road,38000,4+,DSL,33
636,288,1500000.00,150000.00,BS,1972,Touring,39000,2,T2,34
638,277,1500000.00,150000.00,BS,1989,Mountain,40000,2,T1,49
640,281,1500000.00,150000.00,BS,1994,Road,38000,3,T1,48
642,277,1500000.00,150000.00,OS,1974,Road,38000,3,DSL,40
644,276,1500000.00,150000.00,OS,1980,Road,40000,3,DSL,43
646,288,800000.00,80000.00,BM,1985,Road,20000,4+,T2,10
648,282,800000.00,80000.00,BM,1993,Road,17000,4+,DSL,11
650,279,800000.00,80000.00,BM,1988,Road,20000,2,DSL,12
652,281,3000000.00,300000.00,OS,1989,Touring,74000,3,DSL,83
654,279,3000000.00,300000.00,OS,1981,Mountain,78000,4+,DSL,84
656,283,3000000.00,300000.00,OS,1986,Touring,78000,4+,ISDN,85
658,289,3000000.00,300000.00,OS,1984,Road,73000,4+,DSL,82
660,280,3000000.00,300000.00,OS,1989,Touring,73000,4+,DSL,83
662,277,3000000.00,300000.00,OS,1981,Road,75000,3,DSL,84
664,275,800000.00,80000.00,BM,1985,Mountain,18000,2,T3,10
666,286,800000.00,80000.00,BM,1993,Touring,19000,AW,DSL,11
668,278,800000.00,80000.00,BM,1988,Mountain,20000,4+,DSL,12
670,281,800000.00,80000.00,BM,1988,Mountain,18000,2,DSL,16
672,277,800000.00,80000.00,BM,1982,Road,19000,4+,DSL,14
674,280,800000.00,80000.00,BM,1976,Touring,20000,4+,DSL,12
676,286,1500000.00,150000.00,BS,1972,Mountain,35000,4+,T1,34
678,278,1500000.00,150000.00,BS,1988,Mountain,37000,4+,DSL,35
680,279,1500000.00,150000.00,BS,1976,Road,39000,4+,DSL,36
682,276,1500000.00,150000.00,BS,1971,Touring,37000,4+,ISDN,37
684,277,1500000.00,150000.00,BS,1979,Mountain,39000,2,DSL,38
686,275,1500000.00,150000.00,BS,1974,Mountain,38000,3,DSL,39
688,286,1500000.00,150000.00,BS,1982,Touring,37000,3,DSL,40
690,286,3000000.00,300000.00,OS,1974,Mountain,75000,2,T1,93
692,275,3000000.00,300000.00,OS,1974,Mountain,75000,4+,DSL,94
694,277,3000000.00,300000.00,OS,1980,Road,76000,4+,DSL,95
696,276,3000000.00,300000.00,OS,1986,Touring,79000,3,T1,96
698,279,3000000.00,300000.00,OS,1992,Road,80000,4+,T2,97
700,276,1500000.00,150000.00,BS,1989,Mountain,40000,3,DSL,49
702,277,1500000.00,150000.00,BS,1997,Road,41000,3,DSL,46
704,275,1500000.00,150000.00,BS,1992,Mountain,40000,4+,T1,43
706,286,1500000.00,150000.00,BS,1995,Mountain,37000,4+,T2,40
708,278,1500000.00,150000.00,BS,1995,Touring,40000,4+,DSL,37
710,279,1500000.00,150000.00,BS,1983,Road,37000,3,T1,34
712,276,1500000.00,150000.00,BS,1998,Road,37000,4+,T1,31
714,277,1000000.00,100000.00,BS,1971,Road,28000,4+,DSL,28
716,275,1000000.00,100000.00,BS,2001,Road,26000,4+,DSL,25
718,286,1000000.00,100000.00,BS,1996,Touring,26000,4+,T1,22
720,278,800000.00,80000.00,BS,1990,Touring,22000,2,T2,19
722,279,800000.00,80000.00,BS,1984,Road,20000,2,T1,16
724,276,800000.00,80000.00,BS,1978,Road,22000,2,T1,13
726,277,800000.00,80000.00,BS,1972,Road,20000,4+,T1,10
728,275,1000000.00,100000.00,BS,1998,Road,27000,3,DSL,27
730,288,1000000.00,100000.00,BS,1971,Road,28000,4+,DSL,28
732,282,1000000.00,100000.00,BS,2001,Road,24000,4+,DSL,29
734,279,1500000.00,150000.00,BS,1996,Mountain,36000,4+,T1,30
736,288,1500000.00,150000.00,BS,1977,Road,37000,4+,DSL,41
738,282,1500000.00,150000.00,BS,1985,Mountain,37000,2,T1,42
740,279,1500000.00,150000.00,BS,1980,Road,38000,4+,DSL,43
742,281,1500000.00,150000.00,BS,1988,Road,38000,2,DSL,44
744,283,1500000.00,150000.00,BS,1983,Mountain,38000,3,DSL,45
746,275,1500000.00,150000.00,BS,1991,Road,39000,4+,T1,46
748,288,1500000.00,150000.00,BS,1986,Touring,37000,2,DSL,47
750,282,1500000.00,150000.00,BS,1994,Road,39000,4+,DSL,48
752,279,1500000.00,150000.00,BS,1989,Mountain,41000,4+,T1,49
754,281,1500000.00,150000.00,BS,1997,Road,37000,4+,T1,46
756,283,1500000.00,150000.00,BS,1992,Road,41000,2,DSL,43
758,288,3000000.00,300000.00,OS,1983,Road,74000,2,DSL,87
760,275,3000000.00,300000.00,OS,1975,Mountain,76000,4+,T1,88
762,283,3000000.00,300000.00,OS,1980,Road,75000,2,DSL,89
764,281,3000000.00,300000.00,OS,1972,Mountain,76000,3,T1,90
766,279,3000000.00,300000.00,OS,1977,Mountain,75000,2,DSL,91
768,282,3000000.00,300000.00,OS,1987,Road,79000,3,DSL,92
770,288,3000000.00,300000.00,OS,1974,Touring,78000,4+,T1,93
772,275,3000000.00,300000.00,OS,1974,Touring,78000,2,DSL,94
774,283,3000000.00,300000.00,OS,1980,Touring,77000,2,DSL,95
776,281,3000000.00,300000.00,OS,1986,Road,79000,3,DSL,96
778,279,3000000.00,300000.00,OS,1992,Mountain,80000,3,T1,97
780,282,3000000.00,300000.00,OS,1998,Road,78000,4+,DSL,98
782,278,3000000.00,300000.00,OS,1983,Road,77000,2,DSL,87
784,286,3000000.00,300000.00,OS,1975,Touring,74000,3,T2,88
786,275,3000000.00,300000.00,OS,1980,Road,76000,4+,T2,89
788,277,3000000.00,300000.00,OS,1972,Mountain,78000,4+,T1,90
790,276,3000000.00,300000.00,OS,1977,Road,77000,4+,ISDN,91
792,279,3000000.00,300000.00,OS,1987,Road,75000,3,DSL,92
794,278,3000000.00,300000.00,OS,1974,Road,76000,4+,T1,93
796,286,3000000.00,300000.00,OS,1974,Touring,76000,2,DSL,94
798,275,3000000.00,300000.00,OS,1980,Road,75000,2,T2,95
800,277,3000000.00,300000.00,OS,1986,Road,76000,4+,DSL,96
802,280,1500000.00,150000.00,BS,1997,Road,38000,3,T1,46
804,281,3000000.00,300000.00,OS,1986,Mountain,74000,4+,DSL,85
806,282,3000000.00,300000.00,OS,1978,Mountain,78000,4+,DSL,86
808,290,3000000.00,300000.00,OS,1983,Mountain,77000,3,T1,87
810,289,3000000.00,300000.00,OS,1975,Touring,75000,3,ISDN,88
812,282,300000.00,30000.00,BM,1984,Road,7000,4+,T2,5
814,279,300000.00,30000.00,BM,1979,Road,9000,3,ISDN,6
816,281,300000.00,30000.00,BM,1987,Road,8000,3,T1,7
818,283,300000.00,30000.00,BM,1982,Mountain,10000,3,DSL,8
820,275,300000.00,30000.00,BM,1990,Road,9000,AW,DSL,9
822,283,3000000.00,300000.00,OS,1998,Road,72000,2,DSL,52
824,281,3000000.00,300000.00,OS,1999,Touring,72000,3,DSL,55
826,279,3000000.00,300000.00,OS,1999,Road,73000,4+,T2,58
828,282,3000000.00,300000.00,OS,1979,Mountain,72000,2,T1,61
830,288,3000000.00,300000.00,OS,1996,Road,71000,2,T1,64
832,275,3000000.00,300000.00,OS,1991,Road,71000,3,ISDN,67
834,288,3000000.00,300000.00,OS,1993,Mountain,71000,2,DSL,70
836,275,3000000.00,300000.00,OS,1998,Road,73000,4+,DSL,73
838,283,3000000.00,300000.00,OS,1990,Touring,76000,2,DSL,76
840,281,3000000.00,300000.00,OS,1995,Road,73000,4+,DSL,79
842,279,3000000.00,300000.00,OS,1987,Road,73000,2,T1,80
844,282,3000000.00,300000.00,OS,1992,Road,74000,3,DSL,81
846,275,3000000.00,300000.00,OS,1999,Road,78000,2,DSL,100
848,277,3000000.00,300000.00,OS,1979,Mountain,74000,2,T1,66
850,281,1500000.00,150000.00,OS,1974,Mountain,38000,4+,DSL,40
852,282,1500000.00,150000.00,OS,1980,Mountain,38000,4+,T1,43
854,290,1500000.00,150000.00,OS,1986,Mountain,39000,2,T2,46
856,289,1500000.00,150000.00,OS,1992,Touring,40000,2,DSL,49
858,280,3000000.00,300000.00,OS,1998,Touring,68000,3,T1,52
860,277,3000000.00,300000.00,OS,1999,Touring,70000,3,DSL,55
862,281,3000000.00,300000.00,OS,1999,Mountain,72000,4+,T1,58
864,282,3000000.00,300000.00,OS,1979,Road,70000,4+,DSL,61
866,290,3000000.00,300000.00,OS,1996,Road,73000,4+,ISDN,64
868,289,3000000.00,300000.00,OS,1991,Touring,71000,2,DSL,67
870,280,3000000.00,300000.00,OS,1993,Mountain,73000,4+,ISDN,70
872,277,3000000.00,300000.00,OS,1998,Mountain,73000,3,T2,73
874,281,3000000.00,300000.00,OS,1990,Mountain,72000,3,DSL,76
876,288,3000000.00,300000.00,OS,1996,Road,74000,2,DSL,64
878,275,3000000.00,300000.00,OS,1991,Road,72000,3,DSL,67
880,283,3000000.00,300000.00,OS,1993,Mountain,73000,3,T1,70
882,281,3000000.00,300000.00,OS,1998,Mountain,74000,2,T1,73
884,279,3000000.00,300000.00,OS,1990,Road,75000,4+,DSL,76
886,282,3000000.00,300000.00,OS,1995,Road,76000,4+,DSL,79
888,288,3000000.00,300000.00,OS,1987,Road,77000,4+,T1,80
890,275,3000000.00,300000.00,OS,1992,Mountain,77000,3,T1,81
892,283,3000000.00,300000.00,OS,1984,Mountain,75000,3,T2,82
894,286,1500000.00,150000.00,BS,1977,Touring,39000,2,DSL,41
896,278,1500000.00,150000.00,BS,1985,Mountain,37000,4+,T3,42
898,279,1500000.00,150000.00,BS,1980,Road,40000,3,DSL,43
900,276,1500000.00,150000.00,BS,1988,Mountain,38000,3,DSL,44
902,277,1500000.00,150000.00,BS,1983,Mountain,39000,2,DSL,45
904,275,1500000.00,150000.00,BS,1991,Road,38000,3,T2,46
906,286,1500000.00,150000.00,BS,1986,Touring,39000,3,T1,47
908,278,1500000.00,150000.00,BS,1994,Road,38000,4+,DSL,48
910,279,1500000.00,150000.00,BS,1989,Touring,40000,2,ISDN,49
912,276,1500000.00,150000.00,BS,1997,Mountain,38000,3,T1,46
914,277,1500000.00,150000.00,BS,1992,Road,39000,4+,T2,43
916,275,1500000.00,150000.00,BS,1995,Road,36000,4+,DSL,40
918,286,1500000.00,150000.00,BS,1995,Touring,38000,4+,DSL,37
920,278,1500000.00,150000.00,BS,1983,Mountain,36000,3,DSL,34
922,279,1500000.00,150000.00,BS,1998,Road,38000,3,T3,31
924,276,1000000.00,100000.00,BS,1971,Road,27000,4+,T1,28
926,277,1000000.00,100000.00,BS,2001,Mountain,27000,3,DSL,25
928,282,800000.00,80000.00,BM,1988,Mountain,21000,4+,DSL,11
930,281,300000.00,30000.00,BM,1982,Mountain,7000,3,DSL,8
932,277,300000.00,30000.00,BM,1976,Road,6000,2,DSL,5
934,280,300000.00,30000.00,BM,1970,Road,7000,AW,T1,2
936,277,800000.00,80000.00,BM,1996,Mountain,21000,3,DSL,13
938,280,800000.00,80000.00,BM,1991,Road,20000,3,T1,14
940,289,800000.00,80000.00,BM,1999,Touring,21000,4+,T2,15
942,290,800000.00,80000.00,BM,1994,Road,19000,4+,T1,16
944,289,1500000.00,150000.00,BS,1982,Road,40000,4+,T1,40
946,290,1500000.00,150000.00,BS,1977,Touring,38000,3,DSL,41
948,282,1500000.00,150000.00,BS,1985,Mountain,38000,4+,DSL,42
950,281,1500000.00,150000.00,BS,1980,Road,37000,4+,T1,43
952,277,1500000.00,150000.00,BS,1988,Road,39000,4+,T1,44
954,281,3000000.00,300000.00,OS,1974,Road,78000,3,DSL,94
956,282,3000000.00,300000.00,OS,1980,Road,77000,4+,T2,95
958,281,3000000.00,300000.00,OS,1986,Road,80000,4+,DSL,96
960,282,3000000.00,300000.00,OS,1992,Road,79000,4+,DSL,97
962,290,3000000.00,300000.00,OS,1998,Mountain,79000,4+,T1,98
964,283,3000000.00,300000.00,OS,1979,Mountain,75000,4+,DSL,66
966,276,1500000.00,150000.00,OS,1974,Road,37000,4+,DSL,40
968,279,1500000.00,150000.00,OS,1980,Mountain,38000,4+,DSL,43
970,278,1500000.00,150000.00,OS,1986,Road,39000,4+,T1,46
972,286,1500000.00,150000.00,OS,1992,Touring,41000,4+,T1,49
974,275,3000000.00,300000.00,OS,1998,Road,68000,2,DSL,52
976,277,3000000.00,300000.00,OS,1999,Mountain,70000,4+,T1,55
978,281,3000000.00,300000.00,OS,1979,Mountain,74000,3,DSL,61
980,282,3000000.00,300000.00,OS,1996,Road,70000,4+,DSL,64
982,290,3000000.00,300000.00,OS,1991,Road,74000,4+,T1,67
984,289,3000000.00,300000.00,OS,1993,Road,74000,3,ISDN,70
986,282,1500000.00,150000.00,BS,1977,Mountain,36000,4+,DSL,41
988,279,1500000.00,150000.00,BS,1985,Road,39000,3,DSL,42
990,281,1500000.00,150000.00,BS,1980,Touring,40000,4+,DSL,43
992,283,1500000.00,150000.00,BS,1988,Road,38000,4+,T1,44
994,275,1500000.00,150000.00,BS,1983,Touring,41000,2,DSL,45
996,288,1500000.00,150000.00,BS,1991,Mountain,38000,4+,T1,46
998,282,1500000.00,150000.00,BS,1986,Mountain,39000,3,ISDN,47
1000,279,1500000.00,150000.00,BS,1994,Touring,42000,4+,DSL,48
1002,281,1500000.00,150000.00,BS,1989,Road,38000,4+,DSL,49
1004,283,1500000.00,150000.00,BS,1997,Touring,38000,3,DSL,46
1006,275,1500000.00,150000.00,BS,1992,Road,40000,4+,T1,43
1008,288,1500000.00,150000.00,BS,1995,Road,38000,3,DSL,40
1010,282,1500000.00,150000.00,BS,1995,Mountain,36000,3,T2,37
1012,279,1500000.00,150000.00,BS,1983,Road,39000,3,T1,34
1014,281,1500000.00,150000.00,BS,1998,Mountain,35000,4+,T1,31
1016,283,1000000.00,100000.00,BS,1971,Mountain,25000,4+,T1,28
1018,275,1000000.00,100000.00,BS,2001,Mountain,25000,4+,T1,25
1020,288,1000000.00,100000.00,BS,1996,Mountain,26000,4+,ISDN,22
1022,282,800000.00,80000.00,BS,1990,Mountain,19000,AW,DSL,19
1024,279,800000.00,80000.00,BS,1984,Touring,20000,AW,ISDN,16
1026,281,800000.00,80000.00,BS,1978,Road,21000,4+,T2,13
1028,283,800000.00,80000.00,BS,1972,Mountain,18000,3,T1,10
1030,279,800000.00,80000.00,BM,1993,Road,18000,AW,T1,11
1032,276,800000.00,80000.00,BM,1988,Mountain,18000,AW,DSL,12
1034,277,800000.00,80000.00,BM,1996,Road,18000,2,DSL,13
1036,275,800000.00,80000.00,BM,1991,Touring,22000,4+,DSL,14
1038,286,800000.00,80000.00,BM,1999,Touring,21000,3,T2,15
1040,278,800000.00,80000.00,BM,1994,Mountain,18000,4+,DSL,16
1042,286,800000.00,80000.00,BM,1987,Touring,20000,4+,T1,17
1044,278,800000.00,80000.00,BM,1997,Road,19000,3,DSL,18
1046,279,800000.00,80000.00,BM,1975,Mountain,19000,4+,DSL,19
1048,276,1000000.00,100000.00,BM,2000,Mountain,26000,2,ISDN,20
1050,277,800000.00,80000.00,BM,2000,Road,21000,3,DSL,17
1052,275,800000.00,80000.00,BM,1994,Mountain,18000,2,T1,14
1054,286,800000.00,80000.00,BM,1988,Touring,21000,2,T1,11
1056,278,300000.00,30000.00,BM,1982,Mountain,11000,3,DSL,8
1058,286,300000.00,30000.00,BM,1976,Touring,7000,AW,DSL,5
1060,278,300000.00,30000.00,BM,1970,Mountain,8000,3,DSL,2
1062,282,800000.00,80000.00,BM,1997,Road,21000,4+,ISDN,17
1064,279,800000.00,80000.00,BM,1975,Road,20000,2,T1,18
1066,281,800000.00,80000.00,BM,2000,Mountain,23000,4+,T1,19
1068,283,1000000.00,100000.00,BM,2000,Mountain,25000,2,T1,20
1070,275,800000.00,80000.00,BM,1994,Mountain,23000,2,DSL,18
1072,288,800000.00,80000.00,BM,1988,Road,22000,4+,T1,16
1074,275,800000.00,80000.00,BM,1982,Road,20000,4+,DSL,14
1076,288,800000.00,80000.00,BM,1976,Touring,19000,4+,DSL,12
1078,282,800000.00,80000.00,BM,1970,Touring,17000,AW,DSL,10
1080,279,300000.00,30000.00,BM,1975,Touring,9000,4+,T2,8
1082,281,300000.00,30000.00,BM,1970,Road,9000,AW,T2,6
1084,283,300000.00,30000.00,BM,1978,Touring,7000,3,T2,4
1086,275,300000.00,30000.00,BM,1973,Road,10000,AW,DSL,2
1088,288,300000.00,30000.00,BM,1981,Road,9000,3,DSL,3
1090,279,300000.00,30000.00,BM,1976,Road,9000,2,T1,4
1092,276,300000.00,30000.00,BM,1984,Road,9000,3,T1,5
1094,277,300000.00,30000.00,BM,1979,Road,11000,4+,DSL,6
1096,279,300000.00,30000.00,BM,1987,Road,8000,4+,T1,7
1098,276,300000.00,30000.00,BM,1982,Mountain,7000,4+,T2,8
1100,277,300000.00,30000.00,BM,1990,Touring,10000,AW,DSL,9
1102,289,800000.00,80000.00,BM,1970,Road,20000,2,DSL,10
1104,290,300000.00,30000.00,BM,1975,Mountain,8000,3,ISDN,8
1106,282,300000.00,30000.00,BM,1970,Road,9000,3,DSL,6
1108,281,300000.00,30000.00,BM,1978,Road,8000,AW,DSL,4
1110,277,300000.00,30000.00,BM,1973,Touring,10000,2,DSL,2
1112,282,1500000.00,150000.00,BS,1998,Mountain,35000,4+,T2,31
1114,290,1500000.00,150000.00,BS,1983,Mountain,36000,3,T2,34
1116,289,1500000.00,150000.00,BS,1995,Road,36000,4+,T2,37
1118,280,1500000.00,150000.00,BS,1995,Road,39000,2,DSL,40
1120,277,1500000.00,150000.00,BS,1992,Road,37000,3,DSL,43
1122,289,3000000.00,300000.00,OS,1980,Touring,75000,4+,DSL,89
1124,280,3000000.00,300000.00,OS,1972,Mountain,79000,4+,T2,90
1126,277,3000000.00,300000.00,OS,1977,Mountain,75000,2,T1,91
1128,281,3000000.00,300000.00,OS,1987,Road,78000,4+,DSL,92
1130,282,3000000.00,300000.00,OS,1974,Touring,77000,3,DSL,93
1132,282,1500000.00,150000.00,BS,1994,Road,42000,4+,T1,48
1134,281,1500000.00,150000.00,BS,1989,Road,40000,2,DSL,49
1136,277,1500000.00,150000.00,BS,1997,Road,40000,4+,T1,46
1138,280,1500000.00,150000.00,BS,1992,Road,41000,3,ISDN,43
1140,289,1500000.00,150000.00,BS,1995,Mountain,38000,4+,DSL,40
1142,290,1500000.00,150000.00,BS,1995,Mountain,36000,4+,DSL,37
1144,282,1500000.00,150000.00,BS,1983,Road,37000,3,T1,34
1146,281,1500000.00,150000.00,BS,1998,Touring,37000,4+,T2,31
1148,277,1000000.00,100000.00,BS,1971,Road,28000,3,T2,28
1150,280,1000000.00,100000.00,BS,2001,Road,24000,2,ISDN,25
1152,289,1000000.00,100000.00,BS,1996,Touring,27000,4+,DSL,22
1154,290,800000.00,80000.00,BS,1990,Road,23000,4+,T1,19
1156,282,800000.00,80000.00,BS,1984,Mountain,22000,4+,DSL,16
1158,281,800000.00,80000.00,BS,1978,Touring,18000,3,T1,13
1160,288,1000000.00,100000.00,BS,2001,Touring,27000,3,T1,29
1162,282,1500000.00,150000.00,BS,1996,Mountain,36000,4+,DSL,30
1164,279,1500000.00,150000.00,BS,1990,Mountain,38000,3,DSL,31
1166,278,800000.00,80000.00,BM,1988,Touring,20000,3,T2,11
1168,279,300000.00,30000.00,BM,1982,Road,10000,2,T1,8
1170,276,300000.00,30000.00,BM,1976,Road,7000,AW,DSL,5
1172,277,300000.00,30000.00,BM,1970,Road,7000,3,DSL,2
1174,283,800000.00,80000.00,BM,1997,Road,22000,4+,DSL,17
1176,275,800000.00,80000.00,BM,1975,Road,22000,4+,DSL,18
1178,288,800000.00,80000.00,BM,2000,Touring,23000,4+,T1,19
1180,282,1000000.00,100000.00,BM,2000,Road,27000,2,DSL,20
1182,279,800000.00,80000.00,BM,1994,Road,20000,AW,DSL,18
1184,281,800000.00,80000.00,BM,1988,Road,21000,3,DSL,16
1186,283,800000.00,80000.00,BM,1982,Road,20000,2,DSL,14
1188,275,800000.00,80000.00,BM,1976,Mountain,18000,4+,DSL,12
1190,288,800000.00,80000.00,BM,1970,Touring,21000,3,T1,10
1192,282,300000.00,30000.00,BM,1975,Road,11000,AW,DSL,8
1194,279,300000.00,30000.00,BM,1970,Mountain,9000,AW,DSL,6
1196,281,300000.00,30000.00,BM,1978,Road,7000,AW,DSL,4
1198,288,800000.00,80000.00,BM,1993,Road,20000,AW,DSL,11
1200,282,800000.00,80000.00,BM,1988,Road,21000,3,T2,12
1202,279,800000.00,80000.00,BM,1996,Mountain,20000,4+,DSL,13
1204,281,800000.00,80000.00,BM,1991,Road,18000,2,DSL,14
1206,280,300000.00,30000.00,BM,1981,Mountain,10000,4+,DSL,3
1208,289,300000.00,30000.00,BM,1976,Touring,10000,4+,DSL,4
1210,290,300000.00,30000.00,BM,1984,Road,6000,3,T2,5
1212,282,300000.00,30000.00,BM,1979,Mountain,10000,3,T1,6
1214,281,300000.00,30000.00,BM,1987,Mountain,9000,2,DSL,7
1216,277,300000.00,30000.00,BM,1982,Road,9000,2,T1,8
1218,280,300000.00,30000.00,BM,1990,Road,8000,AW,DSL,9
1220,289,800000.00,80000.00,BM,1985,Mountain,19000,4+,ISDN,10
1222,290,800000.00,80000.00,BM,1993,Road,18000,4+,ISDN,11
1224,282,800000.00,80000.00,BM,1988,Road,21000,AW,DSL,12
1226,281,800000.00,80000.00,BM,1996,Road,19000,2,DSL,13
1228,277,800000.00,80000.00,BM,1991,Road,19000,4+,T1,14
1230,280,800000.00,80000.00,BM,1999,Touring,19000,4+,T2,15
1232,289,800000.00,80000.00,BM,1994,Touring,19000,AW,DSL,16
1234,290,800000.00,80000.00,BM,1987,Mountain,19000,4+,DSL,17
1236,282,800000.00,80000.00,BM,1997,Mountain,21000,4+,T1,18
1238,278,300000.00,30000.00,BM,1982,Road,7000,3,DSL,8
1240,279,300000.00,30000.00,BM,1976,Road,10000,4+,T2,5
1242,276,300000.00,30000.00,BM,1970,Mountain,8000,3,T2,2
1244,281,800000.00,80000.00,BM,1997,Road,22000,AW,DSL,17
1246,283,800000.00,80000.00,BM,1975,Mountain,19000,2,DSL,18
1248,275,800000.00,80000.00,BM,2000,Touring,22000,2,DSL,19
1250,288,1000000.00,100000.00,BM,2000,Touring,27000,3,T2,20
1252,282,1000000.00,100000.00,BM,2000,Mountain,26000,4+,DSL,20
1254,281,800000.00,80000.00,BM,1994,Road,20000,4+,DSL,18
1256,277,800000.00,80000.00,BM,1988,Mountain,20000,AW,T2,16
1258,280,800000.00,80000.00,BM,1982,Road,21000,2,DSL,14
1260,289,800000.00,80000.00,BM,1976,Mountain,22000,3,T1,12
1262,290,800000.00,80000.00,BM,1970,Touring,19000,4+,DSL,10
1264,282,300000.00,30000.00,BM,1975,Road,7000,3,T2,8
1266,281,300000.00,30000.00,BM,1970,Road,10000,3,DSL,6
1268,277,300000.00,30000.00,BM,1978,Mountain,8000,3,DSL,4
1270,280,300000.00,30000.00,BM,1973,Mountain,9000,AW,DSL,2
1272,289,300000.00,30000.00,BM,1981,Road,8000,AW,DSL,3
1274,290,300000.00,30000.00,BM,1976,Road,7000,3,DSL,4
1276,282,300000.00,30000.00,BM,1984,Touring,9000,3,T2,5
1278,281,300000.00,30000.00,BM,1979,Mountain,10000,3,DSL,6
1280,277,300000.00,30000.00,BM,1987,Road,7000,AW,T1,7
1282,280,300000.00,30000.00,BM,1982,Touring,10000,2,T1,8
1284,289,300000.00,30000.00,BM,1990,Touring,8000,3,T1,9
1286,290,800000.00,80000.00,BM,1985,Touring,17000,3,T1,10
1288,282,800000.00,80000.00,BM,1993,Road,21000,AW,T1,11
1290,281,800000.00,80000.00,BM,1988,Mountain,21000,2,T1,12
1292,280,3000000.00,300000.00,OS,1980,Touring,75000,4+,DSL,89
1294,277,3000000.00,300000.00,OS,1972,Mountain,78000,4+,DSL,90
1296,281,3000000.00,300000.00,OS,1977,Mountain,78000,3,T1,91
1298,282,3000000.00,300000.00,OS,1987,Mountain,79000,4+,DSL,92
1300,290,3000000.00,300000.00,OS,1974,Touring,76000,2,ISDN,93
1302,289,3000000.00,300000.00,OS,1974,Mountain,77000,2,DSL,94
1304,280,3000000.00,300000.00,OS,1980,Touring,75000,3,T1,95
1306,277,3000000.00,300000.00,OS,1986,Touring,80000,2,T1,96
1308,276,3000000.00,300000.00,OS,1992,Road,79000,3,T2,97
1310,279,3000000.00,300000.00,OS,1998,Mountain,80000,4+,ISDN,98
1312,278,3000000.00,300000.00,OS,1999,Road,80000,3,DSL,99
1314,286,3000000.00,300000.00,OS,1999,Mountain,78000,4+,DSL,100
1316,275,3000000.00,300000.00,OS,1979,Road,73000,2,T1,66
1318,277,1500000.00,150000.00,OS,1974,Touring,38000,2,DSL,40
1320,281,1500000.00,150000.00,OS,1980,Mountain,41000,4+,DSL,43
1322,282,1500000.00,150000.00,OS,1986,Mountain,40000,2,T2,46
1324,290,1500000.00,150000.00,OS,1992,Mountain,41000,4+,T1,49
1326,289,3000000.00,300000.00,OS,1998,Road,71000,4+,DSL,52
1328,280,3000000.00,300000.00,OS,1999,Mountain,70000,2,DSL,55
1330,277,3000000.00,300000.00,OS,1999,Road,69000,2,DSL,58
1332,275,3000000.00,300000.00,OS,1999,Mountain,69000,3,ISDN,55
1334,277,3000000.00,300000.00,OS,1999,Mountain,71000,4+,T1,58
1336,276,3000000.00,300000.00,OS,1979,Road,70000,3,DSL,61
1338,279,3000000.00,300000.00,OS,1996,Mountain,72000,4+,T2,64
1340,278,3000000.00,300000.00,OS,1991,Road,75000,3,DSL,67
1342,286,3000000.00,300000.00,OS,1993,Mountain,75000,4+,DSL,70
1344,275,3000000.00,300000.00,OS,1998,Road,75000,4+,ISDN,73
1346,277,3000000.00,300000.00,OS,1990,Road,75000,2,T1,76
1348,276,3000000.00,300000.00,OS,1995,Mountain,74000,4+,ISDN,79
1350,279,3000000.00,300000.00,OS,1987,Road,76000,2,T1,80
1352,278,3000000.00,300000.00,OS,1992,Touring,77000,2,T1,81
1354,286,3000000.00,300000.00,OS,1984,Touring,76000,3,DSL,82
1356,275,3000000.00,300000.00,OS,1989,Road,77000,4+,T1,83
1358,277,3000000.00,300000.00,OS,1981,Road,75000,4+,T1,84
1360,276,3000000.00,300000.00,OS,1986,Road,75000,3,T2,85
1362,279,3000000.00,300000.00,OS,1978,Mountain,76000,3,DSL,86
1364,278,1500000.00,150000.00,BS,1972,Road,38000,4+,DSL,34
1366,286,1500000.00,150000.00,BS,1978,Touring,37000,2,DSL,33
1368,278,1500000.00,150000.00,BS,1984,Road,35000,4+,DSL,32
1370,286,1500000.00,150000.00,BS,1990,Touring,37000,4+,T1,31
1372,275,1500000.00,150000.00,BS,1996,Road,39000,2,ISDN,30
1374,277,1000000.00,100000.00,BS,2001,Mountain,26000,4+,T1,29
1376,276,1000000.00,100000.00,BS,1971,Road,26000,4+,DSL,28
1378,279,1000000.00,100000.00,BS,1998,Mountain,27000,3,DSL,27
1380,290,800000.00,80000.00,BS,1972,Mountain,18000,3,ISDN,10
1382,289,800000.00,80000.00,BS,1978,Road,20000,2,DSL,13
1384,290,800000.00,80000.00,BS,1984,Touring,18000,4+,T1,16
1386,289,800000.00,80000.00,BS,1990,Mountain,20000,AW,DSL,19
1388,280,1000000.00,100000.00,BS,1996,Road,24000,4+,T1,22
1390,277,1000000.00,100000.00,BS,2001,Road,24000,4+,T2,25
1392,281,1000000.00,100000.00,BS,1971,Road,28000,4+,DSL,28
1394,282,1500000.00,150000.00,BS,1998,Mountain,36000,4+,T1,31
1396,290,1500000.00,150000.00,BS,1983,Mountain,36000,3,T1,34
1398,289,1500000.00,150000.00,BS,1995,Mountain,37000,3,T1,37
1400,290,1500000.00,150000.00,BS,1995,Mountain,36000,3,DSL,40
1402,289,1500000.00,150000.00,BS,1992,Road,37000,4+,T2,43
1404,281,3000000.00,300000.00,OS,1992,Touring,77000,2,T2,97
1406,282,3000000.00,300000.00,OS,1998,Road,77000,3,T1,98
1408,290,3000000.00,300000.00,OS,1999,Road,78000,3,ISDN,99
1410,289,3000000.00,300000.00,OS,1999,Road,77000,4+,DSL,100
1412,280,3000000.00,300000.00,OS,1979,Mountain,75000,4+,DSL,66
1414,281,1500000.00,150000.00,OS,1974,Road,40000,3,T1,40
1416,279,1500000.00,150000.00,OS,1980,Road,39000,4+,T3,43
1418,282,1500000.00,150000.00,OS,1986,Road,40000,4+,T1,46
1420,288,1500000.00,150000.00,OS,1992,Touring,40000,4+,T1,49
1422,275,3000000.00,300000.00,OS,1998,Mountain,68000,3,DSL,52
1424,283,3000000.00,300000.00,OS,1999,Mountain,70000,3,T1,55
1426,281,3000000.00,300000.00,OS,1999,Road,69000,4+,T1,58
1428,279,3000000.00,300000.00,OS,1979,Road,74000,4+,T1,61
1430,282,3000000.00,300000.00,OS,1996,Mountain,72000,4+,ISDN,64
1432,288,3000000.00,300000.00,OS,1991,Road,71000,4+,ISDN,67
1434,275,3000000.00,300000.00,OS,1993,Road,75000,3,DSL,70
1436,277,1000000.00,100000.00,BS,2001,Mountain,26000,3,DSL,25
1438,280,1000000.00,100000.00,BS,1996,Mountain,27000,2,T1,22
1440,289,800000.00,80000.00,BS,1990,Touring,21000,AW,DSL,19
1442,290,800000.00,80000.00,BS,1984,Touring,22000,2,DSL,16
1444,282,800000.00,80000.00,BS,1978,Road,19000,3,DSL,13
1446,281,800000.00,80000.00,BS,1972,Road,20000,3,DSL,10
1448,277,1000000.00,100000.00,BS,1998,Mountain,28000,4+,DSL,27
1450,275,1000000.00,100000.00,BS,1971,Road,28000,4+,T1,28
1452,286,1000000.00,100000.00,BS,2001,Touring,24000,4+,DSL,29
1454,278,1500000.00,150000.00,BS,1996,Road,35000,4+,DSL,30
1456,279,1500000.00,150000.00,BS,1990,Road,39000,4+,DSL,31
1458,276,1500000.00,150000.00,BS,1984,Road,37000,2,DSL,32
1460,279,1500000.00,150000.00,BS,1978,Road,35000,4+,T1,33
1462,275,1500000.00,150000.00,BS,1972,Touring,37000,3,T2,34
1464,286,1500000.00,150000.00,BS,1988,Touring,37000,3,DSL,35
1466,278,1500000.00,150000.00,BS,1976,Mountain,38000,4+,DSL,36
1468,279,1500000.00,150000.00,BS,1971,Mountain,40000,3,ISDN,37
1470,280,1000000.00,100000.00,BS,1998,Mountain,25000,3,DSL,27
1472,289,1000000.00,100000.00,BS,1971,Mountain,25000,4+,DSL,28
1474,290,1000000.00,100000.00,BS,2001,Touring,26000,3,T1,29
1476,282,1500000.00,150000.00,BS,1996,Mountain,36000,4+,DSL,30
1478,281,1500000.00,150000.00,BS,1990,Road,39000,4+,DSL,31
1480,277,1500000.00,150000.00,BS,1984,Road,37000,4+,T1,32
1482,280,1500000.00,150000.00,BS,1978,Mountain,36000,4+,DSL,33
1484,289,1500000.00,150000.00,BS,1972,Road,39000,4+,DSL,34
1486,290,1500000.00,150000.00,BS,1988,Road,39000,4+,T1,35
1488,282,1500000.00,150000.00,BS,1976,Road,37000,2,T1,36
1490,281,1500000.00,150000.00,BS,1971,Touring,40000,4+,T2,37
1796,281,1500000.00,150000.00,BS,1997,Mountain,38000,4+,DSL,46
1798,282,1500000.00,150000.00,BS,1989,Mountain,41000,3,DSL,49
1800,290,1500000.00,150000.00,BS,1994,Touring,40000,2,T2,48
1802,289,1500000.00,150000.00,BS,1986,Road,37000,4+,DSL,47
1804,280,1500000.00,150000.00,BS,1991,Touring,40000,2,T1,46
1806,277,1500000.00,150000.00,BS,1983,Mountain,40000,4+,DSL,45
1808,281,1500000.00,150000.00,BS,1988,Touring,41000,3,ISDN,44
1810,280,1500000.00,150000.00,BS,1980,Road,37000,4+,DSL,43
1812,277,1500000.00,150000.00,BS,1985,Touring,41000,4+,DSL,42
1814,281,1500000.00,150000.00,BS,1977,Touring,37000,3,T2,41
1816,278,1500000.00,150000.00,BS,1982,Mountain,37000,4+,DSL,40
1818,286,1500000.00,150000.00,BS,1974,Touring,39000,3,DSL,39
1820,275,1500000.00,150000.00,BS,1979,Road,36000,4+,DSL,38
1822,277,1500000.00,150000.00,BS,1971,Road,36000,4+,DSL,37
1824,276,1500000.00,150000.00,BS,1976,Road,40000,4+,DSL,36
1826,279,1500000.00,150000.00,BS,1988,Road,39000,4+,T1,35
1828,282,3000000.00,300000.00,OS,1995,Road,77000,2,T2,79
1830,290,3000000.00,300000.00,OS,1987,Road,75000,4+,T1,80
1832,289,3000000.00,300000.00,OS,1992,Mountain,77000,2,DSL,81
1834,280,3000000.00,300000.00,OS,1984,Mountain,73000,4+,DSL,82
1836,277,3000000.00,300000.00,OS,1989,Mountain,75000,2,T2,83
1838,281,3000000.00,300000.00,OS,1981,Road,76000,4+,DSL,84
1840,282,3000000.00,300000.00,OS,1986,Mountain,78000,3,DSL,85
1842,290,3000000.00,300000.00,OS,1978,Road,77000,3,DSL,86
1844,289,3000000.00,300000.00,OS,1983,Mountain,78000,4+,DSL,87
1846,280,3000000.00,300000.00,OS,1975,Touring,77000,3,DSL,88
1848,277,3000000.00,300000.00,OS,1980,Road,74000,3,T2,89
1850,281,3000000.00,300000.00,OS,1972,Road,79000,2,DSL,90
1852,278,3000000.00,300000.00,OS,1987,Touring,75000,3,T1,80
1854,286,3000000.00,300000.00,OS,1992,Road,75000,2,DSL,81
1856,275,3000000.00,300000.00,OS,1984,Mountain,75000,3,DSL,82
1858,277,3000000.00,300000.00,OS,1989,Mountain,77000,3,DSL,83
1860,276,3000000.00,300000.00,OS,1981,Mountain,76000,2,DSL,84
1862,279,3000000.00,300000.00,OS,1986,Road,76000,3,T1,85
1864,278,3000000.00,300000.00,OS,1978,Mountain,76000,4+,DSL,86
1866,286,3000000.00,300000.00,OS,1983,Touring,74000,2,T1,87
1868,275,3000000.00,300000.00,OS,1975,Mountain,76000,3,DSL,88
1870,277,3000000.00,300000.00,OS,1980,Touring,77000,4+,DSL,89
1872,279,800000.00,80000.00,BM,1997,Road,22000,AW,ISDN,18
1874,281,800000.00,80000.00,BM,1975,Touring,21000,3,T2,19
1876,283,1000000.00,100000.00,BM,2000,Road,24000,4+,T1,20
1878,275,800000.00,80000.00,BM,2000,Mountain,22000,4+,T2,17
1880,288,800000.00,80000.00,BM,1994,Touring,22000,4+,T1,14
1882,282,800000.00,80000.00,BM,1988,Mountain,18000,3,DSL,11
1884,279,300000.00,30000.00,BM,1982,Road,11000,4+,T1,8
1886,281,300000.00,30000.00,BM,1976,Touring,9000,AW,DSL,5
1888,283,300000.00,30000.00,BM,1970,Touring,9000,AW,DSL,2
1890,280,800000.00,80000.00,BM,1997,Mountain,18000,4+,DSL,17
1892,289,800000.00,80000.00,BM,1975,Touring,19000,3,DSL,18
1894,290,800000.00,80000.00,BM,2000,Touring,21000,2,T1,19
1896,282,800000.00,80000.00,BM,1994,Road,23000,4+,DSL,18
1898,279,800000.00,80000.00,BM,1988,Mountain,20000,2,DSL,16
1900,281,800000.00,80000.00,BM,1982,Road,22000,3,DSL,14
1902,279,800000.00,80000.00,BM,1976,Road,20000,3,DSL,12
1904,275,800000.00,80000.00,BM,1970,Road,17000,2,T1,10
1906,288,300000.00,30000.00,BM,1975,Road,10000,2,DSL,8
1908,282,300000.00,30000.00,BM,1970,Mountain,10000,4+,DSL,6
1910,283,800000.00,80000.00,BM,1999,Mountain,20000,3,T1,15
1912,275,800000.00,80000.00,BM,1994,Mountain,22000,3,T1,16
1914,288,800000.00,80000.00,BM,1987,Touring,19000,2,DSL,17
1916,282,800000.00,80000.00,BM,1997,Road,20000,4+,T1,18
1918,279,800000.00,80000.00,BM,1975,Road,21000,4+,DSL,19
1920,281,1000000.00,100000.00,BM,2000,Mountain,24000,2,T1,20
1922,283,800000.00,80000.00,BM,2000,Touring,22000,3,T2,17
1924,275,800000.00,80000.00,BM,1994,Mountain,19000,AW,T2,14
1926,288,800000.00,80000.00,BM,1988,Touring,21000,2,T1,11
1928,278,300000.00,30000.00,BM,1984,Touring,7000,4+,DSL,5
1930,279,300000.00,30000.00,BM,1979,Mountain,7000,3,DSL,6
1932,276,300000.00,30000.00,BM,1987,Road,8000,2,DSL,7
1934,277,300000.00,30000.00,BM,1982,Road,8000,AW,T1,8
1936,275,300000.00,30000.00,BM,1990,Road,8000,AW,T2,9
1938,286,800000.00,80000.00,BM,1985,Touring,20000,3,T2,10
1940,278,800000.00,80000.00,BM,1993,Touring,18000,4+,DSL,11
1942,279,800000.00,80000.00,BM,1988,Mountain,19000,3,DSL,12
1944,276,800000.00,80000.00,BM,1996,Road,19000,3,DSL,13
1946,277,800000.00,80000.00,BM,1991,Road,22000,3,ISDN,14
1948,275,800000.00,80000.00,BM,1999,Mountain,22000,2,DSL,15
1950,286,800000.00,80000.00,BM,1994,Touring,19000,4+,DSL,16
1952,278,800000.00,80000.00,BM,1987,Mountain,19000,4+,T1,17
1954,279,800000.00,80000.00,BM,1997,Mountain,22000,3,DSL,18
1956,276,800000.00,80000.00,BM,1975,Road,19000,4+,DSL,19
1958,290,3000000.00,300000.00,OS,1974,Mountain,78000,2,T1,94
1960,289,3000000.00,300000.00,OS,1980,Mountain,76000,3,DSL,95
1962,290,3000000.00,300000.00,OS,1986,Road,78000,2,DSL,96
1964,289,3000000.00,300000.00,OS,1992,Road,78000,4+,T1,97
1966,280,3000000.00,300000.00,OS,1998,Road,77000,4+,T1,98
1968,277,3000000.00,300000.00,OS,1999,Road,77000,4+,DSL,99
1970,281,3000000.00,300000.00,OS,1999,Mountain,79000,4+,DSL,100
1972,282,3000000.00,300000.00,OS,1979,Mountain,71000,4+,T1,66
1974,288,1500000.00,150000.00,OS,1974,Mountain,39000,2,DSL,40
1976,275,1500000.00,150000.00,OS,1980,Road,40000,3,T2,43
1978,281,800000.00,80000.00,BM,1975,Mountain,23000,2,T1,19
1980,277,1000000.00,100000.00,BM,2000,Mountain,27000,4+,T1,20
1982,280,800000.00,80000.00,BM,2000,Road,18000,4+,T1,17
1984,289,800000.00,80000.00,BM,1994,Mountain,20000,2,T1,14
1986,290,800000.00,80000.00,BM,1988,Mountain,17000,3,T1,11
1988,282,300000.00,30000.00,BM,1982,Road,7000,4+,T2,8
1990,281,300000.00,30000.00,BM,1976,Touring,7000,4+,T1,5
1992,277,300000.00,30000.00,BM,1970,Road,6000,4+,DSL,2
1994,277,800000.00,80000.00,BM,1997,Mountain,19000,4+,T1,17
2051,275,800000.00,80000.00,BM,1975,Touring,19000,2,T1,18
