model,feature_added,fold_1_pr_auc,fold_2_pr_auc,fold_2_recent30_n,fold_2_recent30_churners,fold_2_recent30_pr_auc,mean_pr_auc,worst_fold_pr_auc,delta_fold_1_pr_auc,delta_fold_2_pr_auc,delta_mean_pr_auc,delta_worst_fold_pr_auc,delta_fold_2_recent30_pr_auc
Random Forest,BASELINE,0.41589818008028934,0.29154808925753006,134,28,0.3490596703968278,0.3537231346689097,0.29154808925753006,0.0,0.0,0.0,0.0,0.0
Random Forest,avg_order_value_12m,0.4127689475336629,0.29331854086474857,134,28,0.3450134125567268,0.3530437441992057,0.29331854086474857,-0.003129232546626448,0.001770451607218504,-0.0006793904697039999,0.001770451607218504,-0.004046257840100986
Random Forest,std_order_value_12m,0.3597222817271261,0.28972081614694534,134,28,0.3580565150538378,0.32472154893703575,0.28972081614694534,-0.05617589835316322,-0.0018272731105847262,-0.029001585731873947,-0.0018272731105847262,0.008996844657010006
Random Forest,avg_qty_12m,0.38514158217296585,0.29645251099978087,134,28,0.3364409578162466,0.34079704658637333,0.29645251099978087,-0.03075659790732349,0.0049044217422508085,-0.012926088082536369,0.0049044217422508085,-0.01261871258058117
Random Forest,avg_lines_12m,0.3976043407523169,0.2997240065788241,134,28,0.3499699989562739,0.34866417366557045,0.2997240065788241,-0.01829383932797246,0.008175917321294024,-0.005058961003339246,0.008175917321294024,0.0009103285594461163
Random Forest,last_order_value,0.43131083442311235,0.290619245606336,134,28,0.3568661776837881,0.3609650400147242,0.290619245606336,0.015412654342823018,-0.0009288436511940557,0.007241905345814481,-0.0009288436511940557,0.007806507286960307
Gradient Boosting,BASELINE,0.3335590810171838,0.32713523839155345,134,28,0.35137443404554214,0.3303471597043686,0.32713523839155345,0.0,0.0,0.0,0.0,0.0
Gradient Boosting,avg_order_value_12m,0.35006033423146227,0.33092124901377273,134,28,0.34464912382846524,0.34049079162261753,0.33092124901377273,0.016501253214278477,0.0037860106222192824,0.010143631918248908,0.0037860106222192824,-0.006725310217076896
Gradient Boosting,std_order_value_12m,0.30880841595086866,0.30056457663317776,134,28,0.34099291148375577,0.3046864962920232,0.30056457663317776,-0.024750665066315125,-0.02657066175837569,-0.025660663412345408,-0.02657066175837569,-0.010381522561786372
Gradient Boosting,avg_qty_12m,0.3628707130366223,0.32228706556716175,134,28,0.34606927467990095,0.34257888930189206,0.32228706556716175,0.029311632019438538,-0.0048481728243917055,0.012231729597523444,-0.0048481728243917055,-0.005305159365641188
Gradient Boosting,avg_lines_12m,0.3352380003738498,0.3175312667897989,134,28,0.3498975495093511,0.32638463358182435,0.3175312667897989,0.001678919356666031,-0.009603971601754524,-0.003962526122544274,-0.009603971601754524,-0.0014768845361910476
Gradient Boosting,last_order_value,0.32100475911477944,0.31703130927804657,134,28,0.3651758795769901,0.319018034196413,0.31703130927804657,-0.012554321902404353,-0.010103929113506882,-0.011329125507955617,-0.010103929113506882,0.013801445531447964
